Class;WMC;DIT;CBO;LOC;CIC;CCC;Bug
Cigar;4.0;1.0;3.0;345;0;0;3
DefaultRealMatrixChangingVisitor;3.0;1.0;3.0;23;1;0;1
FieldRotationDfpTest;100.0;1.0;18.0;345;0;0;2
MullerSolverTest;4.0;1.0;10.0;345;0;0;3
CombinationsTest;17.0;1.0;6.0;345;0;0;3
OptimizationProblem;0;0;0;31;1;0;1
OneWayAnovaTest;7.0;1.0;3.0;345;0;0;3
FrenchVector2DFormatTest;2.0;2.0;1.0;345;0;0;3
BracketFinder;29.0;1.0;9.0;239;0;1;1
SecondaryEquations;0;0;0;36;1;0;1
MinpackTest;19.0;1.0;28.0;345;0;0;2
FirstOrderConverterTest;8.0;1.0;10.0;345;0;0;3
BiDiagonalTransformerTest;17.0;1.0;5.0;345;0;0;3
Cigar;4.0;1.0;3.0;345;0;0;3
ArrayRealVectorTest;5.0;2.0;5.0;345;0;0;3
TriangularDistributionTest;14.0;2.0;5.0;345;0;0;3
KMeansPlusPlusClusterer;57.0;1.0;10.0;401;1;1;2
LaplaceDistributionTest;6.0;2.0;3.0;345;0;0;3
EvaluationRmsChecker;3.0;1.0;4.0;48;1;1;2
Ulp;1.0;1.0;3.0;11;1;1;2
FieldElement;0;0;0;57;1;0;1
DataTransferObject;2.0;1.0;2.0;29;0;0;0
ExponentialDecayFunction;6.0;1.0;6.0;57;0;1;1
BiDiagonalTransformer;64.0;1.0;6.0;312;0;1;2
ChromosomeTest;11.0;1.0;2.0;345;0;0;3
HelicalValleyFunction;6.0;2.0;3.0;345;0;0;3
UnivariateDfpFunction;0;0;0;20;0;0;0
SetVisitor;2.0;2.0;3.0;345;0;0;3
FitnessFunction;16.0;1.0;6.0;90;0;0;0
MidpointStepInterpolator;7.0;3.0;5.0;84;1;0;1
InsufficientDataException;2.0;6.0;12.0;25;0;0;0
SimpleBounds;4.0;1.0;12.0;55;0;0;0
DifferentiableMultivariateVectorFunction;0;0;0;15;1;0;1
NormalApproximationInterval;1.0;1.0;7.0;21;1;1;2
DataTransferObject;2.0;1.0;2.0;29;0;0;0
TestUtils;51.0;1.0;20.0;452;0;0;2
Weight;4.0;1.0;7.0;44;0;0;0
PathIsExploredException;1.0;4.0;1.0;14;0;0;0
Solver;23.0;1.0;11.0;111;1;1;2
Euclidean2DTest;3.0;1.0;4.0;345;0;0;3
RealFieldUnivariateFunction;0;0;0;66;1;0;1
CombinatoricsUtils;52.0;1.0;22.0;406;0;1;2
MultivariateOptimizer;0;0;0;14;1;0;1
MathUtils;31.0;1.0;131.0;263;0;1;2
GaussianCurveFitter;9.0;2.0;11.0;372;1;1;2
Box3DimensionalFunction;3.0;2.0;4.0;345;0;0;3
Clusterable;0;0;0;24;1;0;1
LazyHolder;0.0;1.0;1.0;7;0;0;0
StepHandler;0;0;0;49;1;0;1
LinearFullRankFunction;8.0;2.0;2.0;345;0;0;3
MultivariateVectorOptimizer;13.0;3.0;27.0;130;1;0;2
BigReal;36.0;1.0;7.0;254;1;1;2
Entry;5.0;1.0;10.0;41;1;0;1
ArithmeticUtils;90.0;1.0;20.0;823;0;1;2
KendallsCorrelationTest;28.0;2.0;8.0;345;0;0;3
Vector1DFormatAbstractTest;26.0;1.0;6.0;345;0;0;3
GaussIntegratorFactory;8.0;1.0;17.0;133;0;0;2
PolynomialFitterTest;27.0;1.0;14.0;345;0;0;3
Primes;17.0;1.0;4.0;95;0;1;1
Weight;4.0;1.0;15.0;44;0;0;2
Optimum;0;0;0;22;1;0;1
TriangularDistribution;29.0;2.0;9.0;240;1;1;2
SphericalPolygonsSetTest;51.0;1.0;24.0;345;0;0;2
BigFractionFormatTest;21.0;1.0;6.0;345;0;0;3
SimplexSolverTest;41.0;1.0;13.0;345;0;0;3
ThreeEighthesIntegrator;1.0;3.0;4.0;46;0;0;0
FieldStepHandler;0;0;0;48;1;0;1
ConfidenceInterval;8.0;1.0;14.0;79;1;0;1
DiffPow;2.0;1.0;5.0;345;0;0;3
GaussNewtonOptimizerWithCholeskyTest;7.0;2.0;10.0;345;0;0;3
DerivativeStructure;110.0;1.0;118.0;1018;1;1;2
CombinatoricsUtilsTest;35.0;1.0;8.0;345;0;0;3
Parametric;5.0;1.0;8.0;100;1;0;1
AkimaSplineInterpolatorTest;11.0;1.0;13.0;345;0;0;3
Basis;13.0;1.0;3.0;345;0;0;3
RankingAlgorithm;0;0;0;21;1;0;1
NormalDistributionTest;20.0;2.0;5.0;345;0;0;3
DistanceMeasure;0;0;0;18;1;0;1
LoessInterpolatorTest;31.0;1.0;9.0;345;0;0;3
TransformUtils;13.0;1.0;12.0;125;0;1;1
Euclidean3DTest;3.0;1.0;4.0;345;0;0;3
EmbeddedRungeKuttaIntegrator;30.0;3.0;16.0;294;1;1;2
Atan2;1.0;1.0;2.0;11;1;1;2
RandomStraightLinePointGenerator;4.0;1.0;6.0;345;0;0;3
CentralPivotingStrategy;1.0;1.0;4.0;20;1;1;2
SimplexOptimizerMultiDirectionalTest;9.0;1.0;10.0;345;0;0;3
ProperBigFractionFormat;21.0;5.0;6.0;186;1;0;1
ParametricUnivariateFunction;0;0;0;24;1;0;1
AbstractSubHyperplane;18.0;1.0;29.0;141;1;0;2
StatisticalSummaryValuesTest;4.0;1.0;2.0;345;0;0;3
FreudensteinRothFunction;3.0;2.0;2.0;345;0;0;3
TransformerMapTest;8.0;1.0;4.0;345;0;0;3
UniformRandomGenerator;2.0;1.0;4.0;30;1;1;2
LocationFinderTest;1.0;1.0;7.0;345;0;0;3
ComplexFieldTest;3.0;1.0;3.0;345;0;0;3
SerializationProxy;2.0;1.0;2.0;30;0;0;0
StandardDeviation;17.0;3.0;10.0;233;1;1;2
NeighbourhoodSizeFunctionFactory;5.0;1.0;7.0;80;1;1;2
LocalValueAndJacobianFunction;4.0;1.0;9.0;40;0;0;0
TestFieldProblemHandler;14.0;1.0;15.0;345;0;0;2
EulerFieldStepInterpolatorTest;5.0;2.0;10.0;345;0;0;3
BaseOptimizer;0;0;0;40;1;0;1
FastMathStrictComparisonTest;33.0;1.0;4.0;345;0;0;3
FooTransformer;1.0;1.0;3.0;345;0;0;3
GaussNewtonOptimizerWithLUTest;7.0;2.0;10.0;345;0;0;3
Marker;21.0;1.0;8.0;255;0;0;3
CMAESOptimizer;138.0;4.0;26.0;1312;1;1;2
BOBYQAOptimizerTest;28.0;1.0;28.0;345;0;0;2
Transformer;5.0;0;4.0;77;1;1;2
TrapezoidIntegratorTest;3.0;1.0;9.0;345;0;0;3
LevenbergMarquardtOptimizer;101.0;6.0;19.0;927;1;1;2
KeplerHandler;5.0;1.0;5.0;345;0;0;3
Ackley;4.0;1.0;4.0;345;0;0;3
Vector2DFormatTest;2.0;2.0;1.0;345;0;0;3
TriDiagonalTransformer;31.0;1.0;9.0;210;0;1;1
Equation;2.0;1.0;2.0;345;0;0;3
SubLineTest;13.0;1.0;7.0;345;0;0;3
GraggBulirschStoerIntegrator;104.0;3.0;18.0;772;1;1;2
EmptyClusterStrategy;0.0;0;2.0;11;0;0;0
Cosh;3.0;1.0;8.0;24;1;1;2
Atanh;3.0;1.0;6.0;24;1;1;2
CurveFitterTest;5.0;1.0;7.0;345;0;0;3
BrentSolverTest;7.0;1.0;18.0;345;0;0;2
LegendreParametricTest;5.0;2.0;2.0;345;0;0;3
Osborne2Function;5.0;2.0;3.0;345;0;0;3
Token;0.0;0;2.0;345;0;0;3
SimplePointChecker;8.0;2.0;7.0;116;1;1;2
KowalikOsborneFunction;6.0;2.0;2.0;345;0;0;3
LutherFieldStepInterpolator;4.0;3.0;9.0;172;1;0;1
MathRuntimeException;4.0;4.0;3.0;39;1;0;1
VectorialCovarianceTest;8.0;1.0;7.0;345;0;0;3
DormandPrince853StepInterpolator;32.0;3.0;9.0;366;1;0;1
MicrosphereProjectionInterpolator;11.0;1.0;10.0;133;1;0;1
ParamBrusselator;7.0;2.0;5.0;345;0;0;3
EulerFieldIntegrator;5.0;3.0;10.0;64;1;1;2
IterationEvent;2.0;2.0;5.0;32;0;0;0
Osborne1Function;5.0;2.0;3.0;345;0;0;3
MultivariateOptimizer;8.0;3.0;22.0;14;1;0;2
EvaluationTest;23.0;1.0;22.0;345;0;0;2
BinaryChromosomeTest;5.0;1.0;3.0;345;0;0;3
CigTab;4.0;1.0;3.0;345;0;0;3
ThreeEighthesFieldStepInterpolator;4.0;3.0;9.0;106;1;0;1
MidpointFieldStepInterpolator;4.0;3.0;9.0;85;1;0;1
Position;0.0;0;2.0;10;0;0;0
SubOrientedPoint;7.0;2.0;6.0;44;1;0;1
GoalType;0.0;0;36.0;13;0;0;2
IterativeLinearSolver;9.0;1.0;14.0;141;1;1;2
DormandPrince853IntegratorTest;28.0;1.0;24.0;345;0;0;2
Edge;15.0;1.0;11.0;168;0;1;1
FieldMatrix;0;0;0;736;1;1;2
PolynomialFunctionTest;15.0;1.0;4.0;345;0;0;3
DummyIntegrator;1.0;3.0;3.0;345;0;0;3
TricubicSplineInterpolatingFunctionTest;51.0;1.0;6.0;345;0;0;2
NPointCrossoverTest;12.0;1.0;11.0;345;0;0;3
LineTest;11.0;1.0;9.0;345;0;0;3
QuadraticProblem;6.0;1.0;4.0;345;0;0;3
AdamsBashforthIntegrator;18.0;5.0;19.0;292;1;1;2
OptimizationData;0;0;0;10;0;0;0
CorrelatedRandomVectorGeneratorTest;22.0;1.0;16.0;345;0;0;2
PolyhedronsSetTest;39.0;1.0;34.0;345;0;0;2
ArithmeticUtilsTest;40.0;1.0;5.0;345;0;0;3
HighamHall54StepInterpolatorTest;10.0;1.0;14.0;345;0;0;3
DBSCANClustererTest;11.0;1.0;6.0;345;0;0;3
DiffPow;2.0;1.0;5.0;345;0;0;3
NestedLoops;19.0;1.0;14.0;143;0;0;3
KalmanFilterTest;13.0;1.0;19.0;345;0;0;2
Complex;105.0;1.0;26.0;1184;1;1;2
NumberIsTooSmallException;5.0;7.0;191.0;60;0;0;2
UnivariateDifferentiableVectorFunction;0;0;0;17;1;0;1
ConvexHull;0;0;0;21;1;0;1
Bar;1.0;1.0;2.0;345;0;0;3
SsDiffPow;1.0;1.0;4.0;345;0;0;3
DormandPrince54StepInterpolatorTest;10.0;1.0;14.0;345;0;0;3
Log;3.0;1.0;10.0;24;1;1;2
SynchronizedDescriptiveStatistics;16.0;2.0;6.0;153;1;1;2
RandomGeneratorFactoryTest;1.0;3.0;3.0;345;0;0;3
FastFourierTransformerTest;66.0;1.0;13.0;345;0;0;2
CompositeFormat;18.0;1.0;8.0;176;0;1;1
IntervalsSetTest;5.0;1.0;10.0;345;0;0;3
Ackley;4.0;1.0;4.0;345;0;0;3
Vertex;11.0;1.0;4.0;86;0;0;0
FeatureInitializer;0;0;0;13;1;0;1
MultivariateDifferentiableOptimizer;0;0;0;16;0;0;0
SetVisitor;1.0;2.0;2.0;345;0;0;3
MidPointIntegratorTest;4.0;1.0;9.0;345;0;0;3
MicrosphereInterpolator;5.0;1.0;11.0;75;1;0;1
KeplerHandler;5.0;1.0;4.0;345;0;0;3
FastFourierTransformer;36.0;1.0;18.0;572;0;1;2
SimplexOptimizerMultiDirectionalTest;10.0;1.0;16.0;345;0;0;2
BaseMultivariateMultiStartOptimizer;18.0;1.0;18.0;151;1;0;2
Foo;1.0;1.0;2.0;345;0;0;3
TopographicErrorHistogram;7.0;1.0;9.0;56;1;1;2
MedianTest;10.0;2.0;7.0;345;0;0;3
SqrtTest;7.0;1.0;5.0;345;0;0;3
StatisticalReferenceDataset;31.0;1.0;6.0;345;0;0;3
CircleTest;15.0;1.0;18.0;345;0;0;2
ClassicalRungeKuttaStepInterpolatorTest;5.0;1.0;11.0;345;0;0;3
LinearRank1Function;4.0;2.0;4.0;345;0;0;3
Split;7.0;1.0;4.0;51;0;0;0
SimpleInverseFunction;4.0;1.0;3.0;345;0;0;3
Divide;1.0;1.0;3.0;11;1;0;1
LutherFieldIntegrator;6.0;3.0;12.0;108;1;1;2
DormandPrince853Integrator;7.0;4.0;14.0;217;1;1;2
FieldStepNormalizer;17.0;1.0;13.0;220;1;1;2
MinpackTest;19.0;1.0;24.0;345;0;0;2
LocalException;0.0;4.0;1.0;345;0;0;3
SquareNeighbourhood;0.0;0;5.0;19;0;0;0
AbstractFieldMatrix;175.0;1.0;28.0;977;1;1;2
MultivariateRealDistribution;0;0;0;54;1;0;1
IdentityPreconditioner;1.0;1.0;3.0;7;0;0;0
OrientedPoint;14.0;1.0;11.0;113;1;0;1
SumOfClusterVariancesTest;5.0;1.0;5.0;345;0;0;3
HarmonicCurveFitter;7.0;2.0;10.0;380;1;1;2
LUDecompositionTest;23.0;1.0;7.0;345;0;0;3
RegressionResults;40.0;1.0;9.0;376;0;1;1
LinearOptimizer;10.0;4.0;9.0;62;1;0;1
Logistic;6.0;1.0;10.0;184;1;1;2
BrentOptimizerTest;16.0;1.0;21.0;345;0;0;2
LeastSquaresBuilder;14.0;1.0;26.0;183;0;1;2
Gaussian;14.0;1.0;15.0;203;1;1;2
Variance;44.0;3.0;26.0;565;1;1;2
Vector3DTest;36.0;1.0;10.0;345;0;0;3
EnumeratedIntegerDistribution;26.0;2.0;12.0;217;1;0;1
LevenbergMarquardtOptimizer;99.0;3.0;16.0;927;1;1;2
KeplerStepHandler;6.0;1.0;5.0;345;0;0;3
UnionMerger;2.0;1.0;4.0;16;0;0;0
CigTab;4.0;1.0;3.0;345;0;0;3
CloseEventsTest;2.0;1.0;5.0;345;0;0;3
SumOfSquares;11.0;3.0;11.0;121;1;1;2
LinearProblem;8.0;1.0;6.0;345;0;0;3
Vector2DFormat;11.0;2.0;7.0;99;1;1;2
ContinuousOutputModel;35.0;1.0;20.0;366;1;1;2
BigFractionMatrixConverter;4.0;2.0;4.0;28;0;0;0
SetVisitor;2.0;2.0;3.0;345;0;0;3
TwoAxes;5.0;1.0;3.0;345;0;0;3
StreamDataAdapter;5.0;2.0;3.0;42;0;0;0
OneWayAnova;15.0;1.0;13.0;288;0;1;1
LinearConstraint;14.0;1.0;10.0;189;0;1;1
WilsonScoreInterval;1.0;1.0;7.0;27;1;1;2
ComplexUtilsTest;10.0;1.0;5.0;345;0;0;3
Solver;19.0;1.0;10.0;111;1;1;2
ProperFractionFormat;18.0;5.0;8.0;180;1;1;2
IllinoisSolver;4.0;4.0;3.0;58;0;0;0
SimplexOptimizerNelderMeadTest;14.0;1.0;18.0;345;0;0;2
AbstractMultipleLinearRegression;41.0;1.0;22.0;324;1;1;2
WeightedObservedPoints;5.0;1.0;6.0;84;0;0;0
NewtonSolver;6.0;3.0;7.0;64;1;1;2
MismatchedEquations;1.0;6.0;4.0;12;0;0;0
BaseAbstractMultivariateVectorOptimizer;30.0;1.0;24.0;317;1;0;2
CovarianceTest;12.0;1.0;7.0;345;0;0;3
MinusElli;1.0;1.0;3.0;345;0;0;3
SplineInterpolatorTest;9.0;1.0;11.0;345;0;0;3
EuclideanDoublePoint;11.0;1.0;5.0;66;1;1;2
EvaluationRmsCheckerTest;9.0;1.0;5.0;345;0;0;3
GillFieldIntegratorTest;15.0;2.0;6.0;345;0;0;3
Vector1D;39.0;1.0;29.0;284;1;1;2
ChengBetaSampler;15.0;1.0;4.0;108;0;1;1
MicrosphereSurfaceElement;7.0;1.0;3.0;59;0;0;0
SingularValueSolverTest;8.0;1.0;9.0;345;0;0;3
IdentityPreconditioner;1.0;1.0;3.0;7;0;0;0
MapDataVisualization;0;0;0;17;1;0;1
GeneticAlgorithmTestBinary;3.0;1.0;11.0;345;0;0;3
ValuePenaltyPair;1.0;1.0;2.0;17;0;0;0
BaseSecantSolverAbstractTest;20.0;1.0;19.0;345;0;0;2
FieldVector3D;106.0;1.0;16.0;1054;0;1;2
MathIllegalArgumentException;4.0;5.0;214.0;38;1;0;2
StepNormalizerOutputTest;7.0;2.0;1.0;345;0;0;3
ExtendedFieldElementAbstractTest;134.0;1.0;12.0;345;0;0;2
LimitAngleTest;2.0;1.0;4.0;345;0;0;3
EventHandler;0;0;0;179;1;0;1
ElitisticListPopulation;7.0;2.0;14.0;78;1;1;2
DctNormalization;0.0;0;2.0;47;0;0;0
LaplaceDistribution;20.0;2.0;8.0;117;1;1;2
SimpleCurveFitter;6.0;2.0;9.0;92;1;0;1
MultiDirectionalSimplex;14.0;2.0;4.0;174;1;0;1
GradientFunction;4.0;1.0;6.0;36;1;0;1
Elli;4.0;1.0;5.0;345;0;0;3
IntegerSequenceTest;29.0;1.0;8.0;345;0;0;3
PowellSingularFunction;3.0;2.0;3.0;345;0;0;3
SimplexTableauTest;9.0;1.0;7.0;345;0;0;3
UnknownParameterException;2.0;6.0;11.0;26;0;0;0
HarmonicOscillator;7.0;1.0;14.0;139;1;1;2
TooManyEvaluationsException;1.0;7.0;74.0;18;0;0;2
VanishingCutHandler;0;0;0;19;1;0;1
Sum;15.0;3.0;14.0;185;1;1;2
Skew;0.0;0;1.0;9;0;0;0
StepNormalizer;18.0;1.0;11.0;249;1;1;2
FirstOrderFieldIntegrator;0;0;0;142;1;0;1
DormandPrince54FieldStepInterpolator;4.0;3.0;9.0;206;1;0;1
EulerStepInterpolator;7.0;3.0;6.0;72;1;0;1
Pow;1.0;1.0;3.0;11;1;1;2
SumSqTest;4.0;3.0;5.0;345;0;0;3
EuclideanDistance;1.0;1.0;14.0;14;1;1;2
ExpFracTable;2.0;1.0;4.0;29;0;0;0
HermiteInterpolatorTest;38.0;1.0;6.0;345;0;0;3
SparseGradientTest;150.0;2.0;10.0;345;0;0;2
ThreeEighthesFieldIntegratorTest;15.0;2.0;6.0;345;0;0;3
ComplexFormat;40.0;1.0;9.0;357;0;1;1
SimplePointCheckerTest;3.0;1.0;3.0;345;0;0;3
LazyHolder;0.0;1.0;1.0;7;0;0;0
ParetoDistribution;27.0;2.0;8.0;264;1;1;2
Network;44.0;1.0;20.0;415;1;0;2
RealVectorTestImpl;14.0;2.0;12.0;345;0;0;3
MultivariateNormalDistribution;22.0;2.0;21.0;192;1;1;2
JennrichSampsonFunction;5.0;2.0;3.0;345;0;0;3
RandomStraightLinePointGenerator;4.0;1.0;6.0;345;0;0;3
LinearObjectiveFunction;12.0;1.0;9.0;111;1;1;2
DoubleIndex;6.0;1.0;1.0;39;0;0;0
EmbeddedRungeKuttaFieldIntegratorAbstractTest;36.0;1.0;35.0;345;0;0;2
UnivariateOptimizer;0;0;0;9;1;0;1
LowerBoundMapper;3.0;1.0;3.0;21;0;0;0
DormandPrince54FieldIntegratorTest;13.0;2.0;6.0;345;0;0;3
LineTest;8.0;1.0;5.0;345;0;0;3
CurveFitter;11.0;1.0;15.0;186;1;1;2
TwoAxes;5.0;1.0;3.0;345;0;0;3
DefaultIterativeLinearSolverEvent;8.0;4.0;5.0;111;1;0;1
FieldODEState;14.0;1.0;42.0;96;0;1;2
UnivariateDifferentiableSolver;0;0;0;8;1;0;1
MultistepFieldIntegrator;18.0;3.0;26.0;345;1;1;2
BrentOptimizer;33.0;2.0;11.0;268;1;1;2
MersenneTwisterTest;6.0;3.0;5.0;345;0;0;3
BrentSolver;21.0;3.0;12.0;202;1;1;2
Corrector;8.0;1.0;9.0;66;0;0;0
WeibullDistributionTest;9.0;2.0;5.0;345;0;0;3
OLSMultipleLinearRegression;17.0;2.0;15.0;242;1;1;2
MathInternalError;3.0;6.0;33.0;33;0;0;2
CircleScalar;10.0;1.0;5.0;345;0;0;3
Vector2DFormatAbstractTest;29.0;1.0;6.0;345;0;0;3
DummyChromosome;2.0;2.0;2.0;345;0;0;3
DormandPrince54StepInterpolator;13.0;3.0;7.0;159;1;0;1
Action;0.0;0;7.0;32;1;1;2
StatisticalReferenceDatasetFactory;16.0;1.0;4.0;345;0;0;3
UnivariateMatrixFunction;0;0;0;13;1;0;1
DBSCANClusterer;20.0;1.0;7.0;179;1;1;2
MinPermutations;5.0;4.0;4.0;345;0;0;3
IntervalUtils;10.0;1.0;12.0;139;0;1;1
MultipleLinearRegression;0;0;0;45;1;1;2
PercentileTest;70.0;2.0;22.0;345;0;0;2
MultivariateSummaryStatisticsTest;12.0;1.0;9.0;345;0;0;3
NonNegativeConstraint;2.0;1.0;3.0;25;0;0;0
Brusselator;8.0;2.0;4.0;345;0;0;3
SparseRealMatrix;0;0;0;14;0;0;0
MainStateJacobianProvider;0;0;0;18;1;0;1
BracketFinder;29.0;1.0;10.0;239;0;1;1
VanishingToLeaf;3.0;1.0;5.0;21;0;0;0
BivariateFunction;0;0;0;15;1;0;1
SummaryStatisticsTest;23.0;1.0;11.0;345;0;0;3
Line;43.0;1.0;35.0;484;1;1;2
RungeKuttaFieldIntegratorAbstractTest;49.0;1.0;40.0;345;0;0;2
LegendreHighPrecisionParametricTest;5.0;2.0;2.0;345;0;0;3
StepNormalizerTest;14.0;1.0;11.0;345;0;0;3
UnivariateStatistic;0;0;0;31;1;1;2
HorizontalDirection;0.0;0;3.0;12;0;0;0
AdamsNordsieckFieldTransformer;22.0;1.0;13.0;301;0;1;1
PolynomialFitter;5.0;2.0;4.0;84;0;0;0
DifferentiableMultivariateVectorMultiStartOptimizer;1.0;2.0;4.0;31;0;0;0
AdamsNordsieckTransformerTest;10.0;1.0;5.0;345;0;0;3
LocalizedFormatsTest;15.0;1.0;2.0;345;0;0;3
GTest;32.0;1.0;13.0;487;0;1;1
HermiteTest;6.0;1.0;4.0;345;0;0;3
Clusterable;0;0;0;24;1;0;1
UnboundedSolutionException;1.0;6.0;4.0;17;0;0;0
MatrixDimensionMismatchException;5.0;7.0;20.0;50;0;0;2
BracketingNthOrderBrentSolverTest;18.0;2.0;13.0;345;0;0;3
BracketFinderTest;10.0;1.0;3.0;345;0;0;3
Event;4.0;1.0;3.0;345;1;0;1
TestProblemAbstract;13.0;1.0;40.0;345;0;0;2
AbstractLeastSquaresOptimizerTestValidation;16.0;1.0;9.0;345;0;0;3
AggregateSummaryStatisticsTest;33.0;1.0;11.0;345;0;0;3
NewtonRaphsonSolver;6.0;3.0;9.0;63;1;1;2
AbstractConvergenceChecker;3.0;1.0;5.0;76;1;0;1
NodesSet;7.0;1.0;8.0;39;1;0;1
FirstOrderIntegrator;0;0;0;38;1;0;1
AbstractUnivariateStatisticTest;4.0;1.0;3.0;345;0;0;3
Region;0;0;0;171;1;0;1
QRDecomposition;30.0;1.0;19.0;401;1;1;2
FieldVectorTestImpl;44.0;1.0;7.0;345;0;0;3
SynchronizedSummaryStatisticsTest;1.0;2.0;3.0;345;0;0;3
BaseSecantSolver;39.0;3.0;13.0;230;1;1;2
LUDecomposition;31.0;1.0;20.0;331;1;1;2
LeastSquaresConverter;13.0;1.0;7.0;155;1;0;1
PivotingStrategyInterface;0;0;0;21;1;0;1
FastMathCalc;46.0;1.0;6.0;543;0;1;1
Retry;0;0;0;345;0;0;3
DefaultProcessModel;8.0;1.0;9.0;125;1;0;1
AbstractLeastSquaresOptimizer;33.0;2.0;37.0;500;1;1;2
Range;5.0;1.0;3.0;47;0;0;0
GLSMultipleLinearRegression;7.0;2.0;8.0;101;1;0;1
ZipfRejectionInversionSampler;14.0;1.0;4.0;183;0;0;3
Cigar;4.0;1.0;3.0;345;0;0;3
DummyChromosome;2.0;2.0;1.0;345;0;0;3
SsDiffPow;1.0;1.0;4.0;345;0;0;3
Cos;3.0;1.0;12.0;24;1;1;2
MinpackTest;19.0;1.0;28.0;345;0;0;2
BetaTest;43.0;1.0;7.0;345;0;0;3
ValueServerTest;18.0;1.0;6.0;345;0;0;3
BicubicSplineInterpolatorTest;15.0;1.0;9.0;345;0;0;3
KeplerStepHandler;5.0;1.0;5.0;345;0;0;3
RuleBuilder;2.0;1.0;4.0;345;0;0;3
MultivariateFunctionPenaltyAdapterTest;5.0;1.0;11.0;345;0;0;3
AdamsMoultonFieldIntegratorTest;8.0;2.0;9.0;345;0;0;3
IterativeLegendreGaussIntegrator;10.0;2.0;15.0;141;1;1;2
OLSMultipleLinearRegressionTest;32.0;2.0;12.0;345;0;0;3
LimitAngle;12.0;1.0;11.0;91;1;0;1
LinearConstraintSet;4.0;1.0;4.0;35;0;0;0
Array2DRowFieldMatrix;79.0;2.0;36.0;528;1;1;2
FieldRotation;118.0;1.0;18.0;1425;0;1;2
GillFieldStepInterpolatorTest;5.0;2.0;10.0;345;0;0;3
IntegerDistribution;0;0;0;123;1;1;2
EmbeddedRungeKuttaFieldIntegrator;31.0;3.0;25.0;297;1;1;2
MinpackFunction;16.0;1.0;23.0;345;0;0;2
Model;2.0;1.0;2.0;345;1;1;2
TestBitStreamGenerator;4.0;2.0;3.0;345;0;0;3
RungeKuttaIntegrator;22.0;2.0;22.0;201;1;1;2
NonLinearConjugateGradientOptimizer;23.0;3.0;20.0;351;1;1;2
FieldLUSolverTest;15.0;1.0;12.0;345;0;0;3
IntervalUtilsTest;5.0;1.0;6.0;345;0;0;3
UpperBoundMapper;3.0;1.0;3.0;19;0;0;0
CigTab;4.0;1.0;3.0;345;0;0;3
ContinuedFractionTest;3.0;1.0;1.0;345;0;0;3
UpdatingMultipleLinearRegression;0;0;0;64;1;0;1
BlockFieldMatrix;182.0;2.0;23.0;1395;1;1;2
Bounce;5.0;1.0;3.0;345;0;0;3
QuinticFunction;2.0;1.0;23.0;345;0;0;2
Gamma;49.0;1.0;19.0;611;1;1;2
FourthMoment;8.0;6.0;8.0;115;1;1;2
EnumeratedRealDistributionTest;20.0;1.0;11.0;345;0;0;3
FieldEquationsMapper;21.0;1.0;51.0;161;0;1;2
PolynomialFunction;47.0;1.0;38.0;350;1;1;2
LazyHolder;0.0;1.0;1.0;7;0;0;0
AbstractOptimizationProblem;4.0;1.0;6.0;71;1;0;1
DefaultMeasurementModel;4.0;1.0;7.0;54;1;0;1
CircleVectorial;12.0;1.0;8.0;345;0;0;3
Pair;16.0;1.0;67.0;126;1;0;2
MaxCountExceededCallback;0;0;0;13;1;0;1
Well44497bTest;4.0;3.0;5.0;345;0;0;3
Rosen;2.0;1.0;3.0;345;0;0;3
FourExtrema;2.0;1.0;3.0;345;0;0;3
ValueAndJacobianFunction;0;0;0;22;1;0;1
HermiteParametricTest;6.0;2.0;3.0;345;0;0;3
StatisticalMultivariateSummary;0;0;0;87;1;0;1
RealVectorPreservingVisitor;0;0;0;37;0;0;0
RungeKuttaFieldIntegrator;21.0;2.0;30.0;203;1;1;2
JennrichSampsonFunction;3.0;2.0;3.0;345;0;0;3
lnMant;2.0;1.0;4.0;17;0;0;0
Location;0.0;0;17.0;9;0;0;2
SubLineTest;13.0;1.0;8.0;345;0;0;3
PopulationSize;3.0;1.0;4.0;31;0;0;0
ChebyquadFunction;12.0;2.0;2.0;345;0;0;3
VectorialCovariance;21.0;1.0;8.0;115;0;1;1
Vector2DTest;1.0;1.0;1.0;345;0;0;3
LutherIntegrator;1.0;3.0;6.0;58;0;1;1
ConvexHullGenerator2D;0;0;0;9;1;1;2
AbstractLeastSquaresOptimizerTest;6.0;1.0;13.0;345;0;0;3
DummyChromosome;2.0;2.0;2.0;345;0;0;3
DummyStepInterpolatorTest;8.0;1.0;7.0;345;0;0;3
Logit;12.0;1.0;12.0;165;1;1;2
WeibullDistribution;30.0;2.0;11.0;296;1;1;2
ContinuousOutputModelTest;14.0;1.0;18.0;345;0;0;2
FieldMatrixChangingVisitor;0;0;0;34;1;0;1
BicubicSplineInterpolator;20.0;1.0;14.0;135;1;1;2
MinpackFunction;16.0;1.0;24.0;345;0;0;2
EigenDecomposition;100.0;1.0;25.0;875;1;1;2
S1Point;14.0;1.0;16.0;113;1;1;2
Linear;11.0;1.0;7.0;345;0;0;3
Rastrigin;5.0;1.0;4.0;345;0;0;3
PreconditionedIterativeLinearSolver;11.0;2.0;14.0;181;1;1;2
BevingtonProblem;6.0;1.0;5.0;345;0;0;3
Tablet;4.0;1.0;3.0;345;0;0;3
RealMatrixPreservingVisitor;0;0;0;33;1;0;1
FilterType;54.0;0;4.0;367;1;0;2
FieldButcherArrayProvider;0;0;0;20;1;0;1
ComplexSolver;17.0;1.0;9.0;144;0;0;3
ParameterGuesser;18.0;1.0;9.0;281;0;0;3
MeyerFunction;6.0;2.0;3.0;345;0;0;3
AgrestiCoullIntervalTest;2.0;2.0;4.0;345;0;0;3
AgrestiCoullInterval;1.0;1.0;7.0;25;1;1;2
SubCircle;6.0;2.0;15.0;38;1;1;2
ThreeEighthesFieldIntegrator;6.0;3.0;12.0;78;1;1;2
LinearConstraint;14.0;1.0;10.0;189;0;1;1
Beta;45.0;1.0;12.0;460;1;1;2
GammaDistributionTest;32.0;2.0;8.0;345;0;0;3
Ackley;4.0;1.0;4.0;345;0;0;3
Relationship;6.0;0;4.0;43;0;0;0
TooManyIterationsException;1.0;7.0;12.0;18;0;0;0
BrentOptimizer;33.0;3.0;12.0;268;1;1;2
PascalDistributionTest;11.0;2.0;5.0;345;0;0;3
Facet;2.0;1.0;1.0;22;0;0;0
LegendreRuleFactory;12.0;2.0;4.0;111;1;0;1
RealMatrixChangingVisitor;0;0;0;34;1;0;1
Well19937aTest;4.0;3.0;5.0;345;0;0;3
MultivariateDifferentiableVectorFunction;0;0;0;18;1;0;1
RealVectorFormat;26.0;1.0;6.0;231;0;1;1
ClassicalRungeKuttaFieldStepInterpolator;4.0;3.0;9.0;103;1;0;1
DSCompilerTest;37.0;1.0;4.0;345;0;0;3
AdamsMoultonFieldIntegrator;13.0;5.0;22.0;340;1;1;2
GaussNewtonOptimizerWithQRTest;6.0;2.0;10.0;345;0;0;3
SingularValueDecomposition;102.0;1.0;14.0;679;1;1;2
DerivativeStructureTest;283.0;2.0;13.0;345;0;0;2
ThreeEighthesStepInterpolatorTest;5.0;1.0;11.0;345;0;0;3
XorMerger;2.0;1.0;4.0;15;0;0;0
GoalType;0.0;0;28.0;13;0;0;2
Erf;19.0;1.0;6.0;209;0;1;1
MultivariateFunctionMappingAdapterTest;4.0;1.0;10.0;345;0;0;3
UniformRandomGeneratorTest;2.0;1.0;5.0;345;0;0;3
NeuronString;18.0;1.0;11.0;189;0;0;3
AbstractConvergenceChecker;4.0;1.0;6.0;76;1;0;1
LineSearchFunction;4.0;1.0;4.0;35;0;0;0
MonitoredFunction;4.0;1.0;2.0;345;0;0;3
UnivariateSolverUtilsTest;24.0;1.0;7.0;345;0;0;3
MidpointIntegratorTest;17.0;1.0;20.0;345;0;0;2
LazyUnweightedEvaluation;4.0;2.0;5.0;39;0;0;0
DataTransferObject;2.0;1.0;1.0;29;0;0;0
Target;2.0;1.0;4.0;32;0;0;0
GillStepInterpolatorTest;5.0;1.0;11.0;345;0;0;3
TricubicInterpolator;10.0;1.0;9.0;99;1;1;2
MultivariateMatrixFunction;0;0;0;14;1;0;1
ExceptionContextProvider;0;0;0;14;1;0;1
NonSelfAdjointOperatorException;1.0;6.0;5.0;23;0;0;0
RealVectorFormatAbstractTest;31.0;1.0;5.0;345;0;0;3
BevingtonProblem;8.0;1.0;5.0;345;0;0;3
Vector2D;48.0;1.0;71.0;376;1;1;2
LinearRank1Function;7.0;2.0;2.0;345;0;0;3
UnivariateOptimizer;12.0;2.0;14.0;9;1;0;1
ParameterGuesser;18.0;1.0;9.0;281;0;0;3
SmoothingPolynomialBicubicSplineInterpolator;18.0;2.0;16.0;126;1;1;2
BaseOptimizer;15.0;1.0;33.0;40;1;0;2
PrimesTest;24.0;1.0;5.0;345;0;0;3
WilcoxonSignedRankTest;24.0;1.0;13.0;253;0;1;1
GaussianFitter;5.0;2.0;6.0;320;1;1;2
UnivariateStatisticAbstractTest;12.0;1.0;29.0;345;0;0;2
BesselJTest;4.0;1.0;3.0;345;0;0;3
FieldHermiteInterpolator;19.0;1.0;12.0;154;0;1;1
AggregateSummaryStatistics;27.0;1.0;6.0;367;1;1;2
Incrementor;21.0;1.0;21.0;225;1;1;2
ChebyquadFunction;12.0;2.0;2.0;345;0;0;3
LinearProblem;7.0;1.0;8.0;345;0;0;3
GLSMultipleLinearRegressionTest;20.0;2.0;15.0;345;0;0;2
UniformKernelEmpiricalDistribution;2.0;3.0;6.0;345;0;0;3
SecondOrderIntegrator;0;0;0;34;0;0;0
FixedElapsedTimeTest;8.0;1.0;4.0;345;0;0;3
AbstractLeastSquaresOptimizerTest;6.0;1.0;7.0;345;0;0;3
SecondMomentTest;2.0;3.0;4.0;345;0;0;3
ConstantRealDistribution;16.0;2.0;5.0;86;1;0;1
MatrixUtilsTest;39.0;1.0;23.0;345;0;0;2
KolmogorovSmirnovDistributionTest;1.0;1.0;1.0;345;0;0;3
StorelessBivariateCovariance;8.0;1.0;4.0;105;0;0;3
ParameterizedCircle;16.0;2.0;7.0;345;0;0;3
WeightedObservedPointsTest;9.0;1.0;3.0;345;0;0;3
TricubicSplineFunction;11.0;1.0;3.0;61;1;0;1
HighamHall54FieldStepInterpolator;4.0;3.0;9.0;83;1;0;1
Covariance;21.0;1.0;17.0;253;1;1;2
SecantSolverTest;2.0;2.0;3.0;345;0;0;3
PiecewiseBicubicSplineInterpolatingFunction;17.0;1.0;13.0;159;1;1;2
Median;6.0;3.0;7.0;62;1;0;1
SemiVarianceTest;9.0;1.0;6.0;345;0;0;3
deepMean;3.0;1.0;2.0;345;0;0;3
TransformerMap;21.0;1.0;5.0;145;1;0;1
Euclidean1DTest;3.0;1.0;4.0;345;0;0;3
OptimizationData;0;0;0;10;0;0;0
DummyRuleFactory;3.0;2.0;3.0;345;0;0;3
GaussianFitter;5.0;2.0;6.0;320;1;1;2
RealVectorFormatTest;2.0;2.0;1.0;345;0;0;3
Basis;13.0;1.0;3.0;345;0;0;3
PolynomialsUtilsTest;54.0;1.0;9.0;345;0;0;2
LocationFinder;5.0;1.0;9.0;73;0;0;0
TestProblem1;5.0;2.0;19.0;345;0;0;2
TestProblem3;5.0;2.0;33.0;345;0;0;2
TestProblem2;5.0;2.0;9.0;345;0;0;3
TestProblem5;1.0;3.0;14.0;345;0;0;3
TestProblem4;6.0;2.0;16.0;345;0;0;2
IntDoublePair;4.0;1.0;1.0;46;0;0;0
AbstractUnivariateSolver;3.0;2.0;11.0;39;1;1;2
TestProblem6;5.0;2.0;10.0;345;0;0;3
KeplerHandler;6.0;1.0;5.0;345;0;0;3
AklToussaintHeuristic;20.0;1.0;2.0;114;0;0;3
SecondaryStateEvent;5.0;1.0;3.0;345;0;0;3
ClassicalRungeKuttaStepInterpolator;7.0;3.0;5.0;106;1;0;1
RandomDataGeneratorTest;165.0;1.0;28.0;345;0;0;2
ParameterizedODE;0;0;0;19;1;0;1
SphericalPolygonsSet;48.0;2.0;27.0;459;1;1;2
StepNormalizerOutputOverlapTest;7.0;2.0;1.0;345;0;0;3
LevenbergMarquardtOptimizer;106.0;1.0;20.0;927;1;1;2
BiQuadratic;10.0;1.0;2.0;345;0;0;3
SphereGeneratorTest;13.0;1.0;9.0;345;0;0;3
PointValuePairTest;2.0;1.0;4.0;345;0;0;3
SchurTransformer;54.0;1.0;13.0;386;0;1;2
LevenbergMarquardtOptimizerTest;13.0;2.0;19.0;345;0;0;2
GaussNewtonOptimizer;16.0;1.0;20.0;133;1;1;2
XMinus5Function;2.0;1.0;3.0;345;0;0;3
BinaryMutationTest;4.0;1.0;4.0;345;0;0;3
UniformCrossoverTest;16.0;1.0;10.0;345;0;0;3
Dfp;412.0;1.0;20.0;2380;1;1;2
SimplexSolver;30.0;2.0;8.0;340;1;1;2
TournamentSelectionTest;3.0;1.0;6.0;345;0;0;3
MullerSolver2Test;4.0;1.0;10.0;345;0;0;3
CircleProblem;16.0;1.0;5.0;345;0;0;3
BaseAbstractMultivariateSimpleBoundsOptimizer;4.0;2.0;12.0;51;1;0;1
SincTest;14.0;1.0;7.0;345;0;0;3
Action;0.0;0;18.0;32;1;1;2
MaxCountExceededException;3.0;6.0;146.0;40;0;0;2
MidpointStepInterpolatorTest;5.0;1.0;12.0;345;0;0;3
AdamsIntegrator;5.0;4.0;10.0;100;1;1;2
OutOfRangeExceptionTest;1.0;1.0;2.0;345;0;0;3
GTestTest;13.0;1.0;7.0;345;0;0;3
MinusElli;1.0;1.0;3.0;345;0;0;3
Cluster;3.0;1.0;13.0;31;0;0;0
FastMathLiteralArrays;6.0;1.0;4.0;6148;0;1;1
BaseAbstractUnivariateSolver;22.0;1.0;33.0;272;1;1;2
IntersectionMerger;2.0;1.0;4.0;16;0;0;0
PerfectInterpolator;8.0;1.0;7.0;345;0;0;3
FixedGenerationCount;5.0;1.0;7.0;46;1;0;1
AbstractDifferentiableOptimizer;4.0;2.0;9.0;56;1;0;1
Tan;3.0;1.0;8.0;24;1;1;2
FieldVector;0;0;0;242;1;1;2
AbstractIntegrator;48.0;1.0;61.0;354;1;1;2
SparseFieldVector;105.0;1.0;21.0;699;1;1;2
SimplexSolverTest;45.0;1.0;18.0;345;0;0;2
AdamsNordsieckTransformer;23.0;1.0;16.0;297;0;1;2
SynchronizedMultivariateSummaryStatistics;31.0;2.0;6.0;243;1;0;1
JennrichSampsonFunction;5.0;2.0;3.0;345;0;0;3
OnePointCrossoverTest;2.0;1.0;6.0;345;0;0;3
HighamHall54FieldIntegratorTest;13.0;2.0;6.0;345;0;0;3
MultiKMeansPlusPlusClusterer;8.0;2.0;9.0;90;1;0;1
DifferentiableMultivariateMultiStartOptimizer;1.0;2.0;4.0;30;0;0;0
PolynomialSplineFunctionTest;9.0;1.0;7.0;345;0;0;3
CloseEventsGenerator;7.0;1.0;3.0;345;0;0;3
EnclosingBall;7.0;1.0;14.0;68;0;0;0
NeuronTest;8.0;1.0;2.0;345;0;0;3
Gaussian2D;4.0;1.0;4.0;345;0;0;3
MersenneTwister;22.0;2.0;11.0;203;1;1;2
RandomKeyMutationTest;4.0;1.0;6.0;345;0;0;3
MullerSolver;18.0;3.0;7.0;165;1;1;2
BracketedUnivariateSolver;0;0;0;68;1;0;1
PointValuePair;8.0;2.0;37.0;94;0;0;2
StatUtilsTest;20.0;1.0;7.0;345;0;0;3
SphereGenerator;6.0;1.0;13.0;116;1;1;2
BlockRealMatrix;191.0;3.0;44.0;1414;1;1;2
CMAESOptimizerTest;35.0;1.0;33.0;345;0;0;2
LaguerreSolverTest;10.0;1.0;11.0;345;0;0;3
LineTransform;5.0;1.0;14.0;83;0;0;0
UniformIntegerDistribution;17.0;2.0;11.0;146;1;0;1
Hyperplane;0;0;0;65;1;0;1
RotationOrderTest;5.0;1.0;2.0;345;0;0;3
CauchyDistributionTest;10.0;2.0;4.0;345;0;0;3
FractionFormat;22.0;4.0;8.0;209;1;1;2
MultistepIntegrator;17.0;3.0;23.0;359;1;1;2
TricubicSplineInterpolator;27.0;1.0;11.0;161;1;1;2
Log1p;3.0;1.0;8.0;24;1;1;2
UnivariateIntegrator;0;0;0;63;1;1;2
AbstractRealMatrix;157.0;2.0;38.0;829;1;1;2
MinusElli;1.0;1.0;3.0;345;0;0;3
SimplexTableau;83.0;1.0;16.0;533;0;1;2
ParameterJacobianWrapper;8.0;1.0;8.0;61;1;0;1
DummyCountingBinaryChromosome;2.0;5.0;2.0;345;0;0;3
KeplerHandler;6.0;1.0;5.0;345;0;0;3
Well512a;5.0;3.0;2.0;67;1;0;1
FrenchVector1DFormatTest;2.0;2.0;1.0;345;0;0;3
RRQRDecomposition;16.0;2.0;10.0;200;1;1;2
MultivariateNormalMixtureModelDistributionTest;11.0;1.0;8.0;345;0;0;3
UnivariateMultiStartOptimizer;19.0;1.0;13.0;158;1;0;1
PolynomialFunctionLagrangeFormTest;4.0;1.0;3.0;345;0;0;3
HitHistogram;6.0;1.0;7.0;50;1;1;2
KendallsCorrelation;25.0;1.0;9.0;226;1;1;2
Space;0;0;0;17;1;0;1
UnifiedDistanceMatrix;17.0;1.0;8.0;161;1;0;1
PairTest;6.0;1.0;2.0;345;0;0;3
MultivariateNormalMixtureExpectationMaximization;32.0;1.0;19.0;358;1;1;2
BOBYQAOptimizerTest;30.0;1.0;26.0;345;0;0;2
RungeKuttaStepInterpolator;21.0;2.0;18.0;151;1;0;2
BSPTreeVisitor;0;0;0;80;1;0;1
ThirdMomentTest;2.0;3.0;4.0;345;0;0;3
OverlappingEventsTest;10.0;1.0;13.0;345;0;0;3
CanberraDistance;3.0;1.0;7.0;21;1;1;2
DoublePoint;8.0;1.0;10.0;55;1;1;2
Formula;0.0;0;3.0;24;0;0;0
BadStepInterpolator;2.0;3.0;4.0;345;0;0;3
DefaultTransformerTest;7.0;1.0;4.0;345;0;0;3
Solver;32.0;1.0;13.0;111;1;1;2
Target;2.0;1.0;13.0;32;0;0;0
AbstractLeastSquaresOptimizerAbstractTest;27.0;1.0;21.0;345;0;0;2
SimplexOptimizer;17.0;4.0;19.0;192;1;0;2
RealTransformer;0;0;0;44;1;0;1
FieldEventState;29.0;1.0;15.0;264;1;1;2
BoundaryProjector;19.0;1.0;19.0;118;1;1;2
FieldVector3DTest;37.0;1.0;9.0;345;0;0;3
RealDistribution;0;0;0;161;1;1;2
FieldODEStateAndDerivative;5.0;2.0;66.0;52;0;0;2
Tablet;4.0;1.0;3.0;345;0;0;3
BrentOptimizerTest;16.0;1.0;19.0;345;0;0;2
AbstractRealDistribution;29.0;1.0;43.0;257;1;1;2
MultivariateFunctionPenaltyAdapter;11.0;1.0;7.0;156;1;1;2
Well44497b;6.0;3.0;9.0;78;1;0;1
AdamsFieldIntegrator;5.0;4.0;17.0;105;1;1;2
Well44497a;6.0;3.0;2.0;72;1;0;1
MultivariateDifferentiableMultiStartOptimizer;1.0;2.0;5.0;30;0;0;0
TricubicInterpolatorTest;12.0;1.0;7.0;345;0;0;3
SimpleUnivariateValueChecker;5.0;2.0;7.0;110;1;1;2
Order;0.0;0;15.0;27;0;0;2
PolynomialCurveFitter;7.0;2.0;10.0;94;1;0;1
RandomPivotingStrategy;2.0;1.0;5.0;28;1;1;2
AbstractListChromosome;7.0;2.0;23.0;74;1;0;2
TDistribution;22.0;2.0;15.0;222;1;1;2
SimpleVectorValueChecker;8.0;2.0;11.0;107;1;1;2
OrderedTuple;52.0;1.0;2.0;355;1;1;2
InternalData;1.0;1.0;1.0;41;0;0;0
HarmonicCurveFitterTest;16.0;1.0;11.0;345;0;0;3
Sphere1Test;3.0;1.0;4.0;345;0;0;3
BracketingNthOrderBrentSolverDFP;7.0;2.0;10.0;112;1;1;2
PowellOptimizer;23.0;4.0;16.0;290;1;1;2
ODEIntegrator;0;0;0;119;1;0;1
PoissonDistribution;37.0;2.0;15.0;345;1;1;2
ResizableDoubleArrayTest;25.0;2.0;8.0;345;0;0;3
UniformRealDistributionTest;11.0;2.0;3.0;345;0;0;3
HarmonicFitterTest;16.0;1.0;11.0;345;0;0;3
RandomStraightLinePointGenerator;4.0;1.0;6.0;345;0;0;3
DfpTest;60.0;2.0;6.0;345;0;0;2
AdamsBashforthFieldIntegrator;17.0;5.0;22.0;287;1;1;2
Power;4.0;1.0;10.0;32;1;1;2
AbstractLeastSquaresOptimizer;20.0;5.0;29.0;500;1;1;2
UnmodifiableRealVectorAbstractTest;66.0;1.0;12.0;345;0;0;2
NordsieckInitializer;8.0;1.0;9.0;74;0;0;0
SinCos;4.0;1.0;6.0;345;0;0;3
Function;0;0;0;22;1;1;2
GillStepInterpolator;7.0;3.0;6.0;116;1;1;2
DummyStepHandler;5.0;1.0;3.0;61;1;0;1
LeastSquaresProblem;6.0;1.0;5.0;122;1;0;1
FreudensteinRothFunction;2.0;2.0;3.0;345;0;0;3
LegendreHighPrecisionRuleFactory;14.0;2.0;4.0;171;1;0;1
DormandPrince54IntegratorTest;10.0;1.0;22.0;345;0;0;2
Osborne1Function;3.0;2.0;3.0;345;0;0;3
ListUnivariateImpl;20.0;2.0;9.0;345;0;0;3
DiffPow;2.0;1.0;5.0;345;0;0;3
WatsonFunction;5.0;2.0;4.0;345;0;0;3
NeuronSquareMesh2D;84.0;1.0;23.0;556;1;0;2
AbstractCurveFitter;2.0;1.0;14.0;113;1;0;1
LinearProblem;6.0;1.0;6.0;345;0;0;3
CircleVectorial;12.0;1.0;10.0;345;0;0;3
GaussianFitterTest;12.0;1.0;5.0;345;0;0;3
RandomVectorGenerator;0;0;0;11;1;1;2
MinusElli;1.0;1.0;3.0;345;0;0;3
DormandPrince853FieldStepInterpolatorTest;5.0;2.0;10.0;345;0;0;3
BigRealFieldTest;3.0;1.0;3.0;345;0;0;3
AbstractPolynomialSolver;5.0;2.0;4.0;56;1;0;1
NotFiniteNumberException;2.0;7.0;15.0;31;0;0;2
ConstantRealDistributionTest;10.0;2.0;3.0;345;0;0;3
Side;0.0;0;14.0;14;0;0;0
FitnessFunction;16.0;1.0;4.0;90;0;0;0
HighamHall54StepInterpolator;7.0;3.0;5.0;90;1;0;1
FixedGenerationCountTest;8.0;1.0;3.0;345;0;0;3
InconsistentStateAt2PiWrapping;1.0;6.0;4.0;16;0;0;0
Sqrt;3.0;1.0;11.0;24;1;1;2
PollardRho;16.0;1.0;2.0;131;0;1;1
TimeDetector;6.0;1.0;3.0;345;0;0;3
CholeskySolverTest;6.0;1.0;8.0;345;0;0;3
Equations;4.0;1.0;2.0;345;1;0;1
SumLogTest;4.0;3.0;5.0;345;0;0;3
MidpointIntegrator;1.0;3.0;4.0;128;0;0;3
PascalDistribution;17.0;2.0;12.0;207;1;1;2
HermiteInterpolator;21.0;1.0;11.0;177;1;1;2
Edge;7.0;1.0;5.0;168;0;1;1
TwoAxes;5.0;1.0;3.0;345;0;0;3
Max;14.0;3.0;11.0;134;1;1;2
BaseMultivariateOptimizer;0;0;0;40;1;0;1
BesselJ;62.0;1.0;10.0;582;1;1;2
SimpleVectorValueChecker;7.0;2.0;15.0;107;1;1;2
FeatureInitializerFactory;7.0;1.0;13.0;84;1;0;1
LazyHolder;0.0;1.0;1.0;7;0;0;0
ProductTest;7.0;3.0;6.0;345;0;0;3
FractionMatrixConverter;4.0;2.0;4.0;28;0;0;0
EarthMoversDistance;2.0;1.0;6.0;24;1;1;2
SchedulingChecker;6.0;1.0;5.0;345;0;0;3
ConjugateGradientTest;69.0;1.0;20.0;345;0;0;2
ValueServer;41.0;1.0;12.0;386;0;0;3
LinearProblem;5.0;1.0;8.0;345;0;0;3
BOBYQAOptimizer;325.0;3.0;18.0;2255;1;1;2
RosenbrockFunction;3.0;2.0;2.0;345;0;0;3
Sigmoid;10.0;1.0;14.0;163;1;1;2
RandomAdaptorTest;2.0;1.0;2.0;345;0;0;3
GraggBulirschStoerStepInterpolator;38.0;2.0;6.0;314;1;1;2
NPointCrossover;11.0;1.0;12.0;134;1;1;2
LinearInterpolatorTest;6.0;1.0;10.0;345;0;0;3
S2PointTest;8.0;1.0;8.0;345;0;0;3
UniformRealDistribution;21.0;2.0;33.0;202;1;0;2
RoundingMode;0.0;0;5.0;21;0;0;0
AlternativeHypothesis;0.0;0;2.0;19;0;0;0
FieldNordsieckInitializer;6.0;1.0;13.0;63;0;0;0
LazyHolder;0.0;1.0;1.0;7;0;0;0
PointVectorValuePair;13.0;2.0;23.0;115;1;0;2
MultidimensionalCounterTest;15.0;1.0;6.0;345;0;0;3
Markers;32.0;1.0;8.0;253;1;0;1
EventStateTest;14.0;1.0;19.0;345;0;0;2
AbstractLeastSquaresOptimizerAbstractTest;24.0;1.0;16.0;345;0;0;2
Vector3DFormat;11.0;2.0;8.0;116;1;1;2
MutationPolicy;0;0;0;14;1;0;1
ClassicalRungeKuttaIntegratorTest;32.0;1.0;24.0;345;0;0;2
AdaptiveStepsizeFieldIntegrator;28.0;2.0;23.0;285;1;1;2
OpenMapRealMatrix;28.0;3.0;16.0;254;1;1;2
DoubleArrayAbstractTest;7.0;1.0;3.0;345;0;0;3
BisectionSolverTest;3.0;1.0;6.0;345;0;0;3
SobolSequenceGenerator;26.0;1.0;9.0;258;1;1;2
GraggBulirschStoerIntegratorTest;21.0;1.0;23.0;345;0;0;2
FastCosineTransformerTest;31.0;2.0;12.0;345;0;0;3
LearningFactorFunction;0;0;0;15;1;0;1
NeighbourhoodSizeFunction;0;0;0;18;1;0;1
Circle;12.0;2.0;7.0;256;1;1;2
FixedCapacityList;5.0;4.0;1.0;54;0;0;0
DecompositionSolver;0;0;0;74;1;0;1
RealDistributionAbstractTest;49.0;1.0;29.0;345;0;0;2
NoSubSpaceException;1.0;6.0;4.0;14;0;0;0
ParameterGuesser;30.0;1.0;9.0;281;0;0;3
OpenMapEntry;4.0;2.0;5.0;32;0;0;0
KohonenUpdateActionTest;4.0;1.0;16.0;345;0;0;2
SimpleVectorValueCheckerTest;3.0;1.0;3.0;345;0;0;3
Decimal64Field;5.0;1.0;25.0;34;1;1;2
PiecewiseBicubicSplineInterpolatingFunctionTest;11.0;1.0;12.0;345;0;0;3
Localizable;0;0;0;21;1;0;1
SimpleRegression;83.0;1.0;17.0;808;1;1;2
FieldLUDecompositionTest;25.0;1.0;10.0;345;0;0;3
AklToussaintHeuristicTest;2.0;2.0;5.0;345;0;0;3
GetVisitor;2.0;2.0;2.0;345;0;0;3
LegendreGaussIntegratorTest;12.0;1.0;11.0;345;0;0;3
FourExtrema;2.0;1.0;3.0;345;0;0;3
LearningFactorFunctionFactoryTest;11.0;1.0;5.0;345;0;0;3
UniformCrossover;9.0;1.0;11.0;96;1;1;2
QuantizationError;6.0;1.0;7.0;44;1;1;2
SerializationProxy;2.0;1.0;2.0;30;0;0;0
Powell;3.0;1.0;2.0;345;0;0;3
DefaultRealMatrixPreservingVisitor;3.0;1.0;3.0;21;1;0;1
RealVector;138.0;1.0;126.0;1450;1;1;2
DefaultTransformer;6.0;1.0;8.0;48;1;0;1
LowerUpperBoundMapper;3.0;1.0;5.0;25;0;0;0
PolynomialSolver;0;0;0;8;1;0;1
LinearRank1ZeroColsAndRowsFunction;9.0;2.0;3.0;345;0;0;3
SpearmansCorrelation;26.0;1.0;12.0;207;0;0;3
LeafMerger;0;0;0;49;1;0;1
ISAACTest;4.0;3.0;5.0;345;0;0;3
EstimationType;38.0;0;10.0;371;1;0;1
CorrelatedRandomVectorGenerator;11.0;1.0;9.0;143;1;0;1
LineSearch;4.0;1.0;14.0;107;1;0;1
FixedElapsedTime;5.0;1.0;4.0;50;1;0;1
KowalikOsborneFunction;6.0;2.0;2.0;345;0;0;3
BracketedRealFieldUnivariateSolver;0;0;0;112;1;0;1
Sinc;18.0;1.0;14.0;151;1;1;2
Sphere1D;5.0;1.0;22.0;69;1;1;2
CycleCrossover;14.0;1.0;10.0;138;1;1;2
WatsonFunction;9.0;2.0;2.0;345;0;0;3
BrownDennisFunction;5.0;2.0;3.0;345;0;0;3
BaseMultivariateOptimizer;22.0;2.0;22.0;40;1;0;2
PoissonDistributionTest;23.0;2.0;6.0;345;0;0;3
LinearObjectiveFunction;12.0;1.0;8.0;111;1;1;2
SerializationProxy;2.0;1.0;1.0;30;0;0;0
Ode;2.0;1.0;2.0;345;0;0;3
MaxEval;4.0;1.0;25.0;37;0;0;2
Sinh;3.0;1.0;7.0;24;1;1;2
IterationManager;18.0;1.0;13.0;156;1;1;2
MultivariateMultiStartOptimizerTest;1.0;1.0;13.0;345;0;0;3
PowellOptimizerTest;23.0;1.0;11.0;345;0;0;3
TheoreticalValuesFunction;7.0;1.0;5.0;55;0;0;0
MathArrays;190.0;1.0;151.0;1746;1;1;2
Location;3.0;1.0;6.0;9;0;0;0
DftNormalization;0.0;0;4.0;37;0;0;0
FastCosineTransformer;11.0;1.0;15.0;141;1;1;2
subPercentile;3.0;3.0;2.0;345;0;0;3
EuclideanIntegerPoint;11.0;1.0;7.0;66;1;1;2
ProcessModel;0;0;0;48;1;0;1
DfpMath;99.0;1.0;8.0;776;0;1;2
PairNeuronDouble;3.0;1.0;2.0;30;0;0;0
MinpackFunction;15.0;1.0;24.0;345;0;0;2
OpenMapSparseIterator;4.0;1.0;5.0;29;0;0;0
FieldEventHandler;0;0;0;145;0;0;3
IterativeLinearSolverEvent;3.0;3.0;8.0;88;1;0;1
LocalizedFormats;4.0;0;241.0;380;1;1;2
Rastrigin;5.0;1.0;4.0;345;0;0;3
KeplerHandler;5.0;1.0;11.0;345;0;0;3
RegulaFalsiSolver;4.0;4.0;3.0;71;0;0;0
BoundaryProjection;4.0;1.0;10.0;54;0;0;0
SubHyperplane;0;0;0;115;1;0;1
Min;14.0;3.0;11.0;134;1;1;2
RegionParser;11.0;1.0;21.0;345;0;0;2
NonLinearConjugateGradientOptimizer;25.0;5.0;22.0;351;1;1;2
ConvexHull2D;20.0;1.0;17.0;122;1;1;2
ExpandableStatefulODE;26.0;1.0;24.0;251;0;0;2
Cbrt;3.0;1.0;8.0;24;1;1;2
MultivariateInterpolator;0;0;0;26;1;0;1
LineSearch;4.0;3.0;10.0;107;1;0;1
AbstractWell;11.0;2.0;9.0;137;1;1;2
IterativeLegendreGaussIntegratorTest;13.0;1.0;12.0;345;0;0;3
LinearRank1ZeroColsAndRowsFunction;4.0;2.0;5.0;345;0;0;3
BrownDennisFunction;3.0;2.0;4.0;345;0;0;3
Basis;13.0;1.0;3.0;345;0;0;3
NotPositiveException;2.0;8.0;66.0;27;0;0;2
SphereMapping;4.0;1.0;4.0;345;0;0;3
BevingtonProblem;8.0;1.0;5.0;345;0;0;3
DoubleIndex;6.0;1.0;1.0;39;0;0;0
NormalApproximationIntervalTest;2.0;2.0;4.0;345;0;0;3
SimpsonIntegratorTest;3.0;1.0;9.0;345;0;0;3
RungeKuttaFieldStepInterpolator;9.0;2.0;30.0;106;1;1;2
MultivariateDifferentiableVectorOptimizer;0;0;0;11;0;0;0
ElliRotated;4.0;1.0;5.0;345;0;0;3
MultipleLinearRegressionAbstractTest;12.0;1.0;6.0;345;0;0;3
AbstractSimplex;39.0;1.0;15.0;289;1;0;2
Mapper;0;0;0;17;1;1;2
Signum;1.0;1.0;4.0;11;1;1;2
NumberIsTooLargeException;5.0;7.0;99.0;60;0;0;2
Parametric;6.0;1.0;10.0;100;1;0;1
SolutionCallback;5.0;1.0;5.0;38;0;0;0
ListPopulation;24.0;1.0;12.0;175;1;1;2
ParameterGuesser;18.0;1.0;9.0;281;0;0;3
MidPointIntegrator;11.0;2.0;9.0;128;1;1;2
CircleProblem;10.0;1.0;5.0;345;0;0;3
Bounce;5.0;1.0;7.0;345;0;0;3
Method;0.0;0;4.0;12;0;0;0
SumOfLogs;11.0;3.0;11.0;132;1;1;2
ParetoDistributionTest;20.0;2.0;4.0;345;0;0;3
SparseRealVectorTest;7.0;2.0;26.0;345;0;0;2
RandomAdaptor;17.0;2.0;2.0;160;1;0;1
OrderDirection;0.0;0;6.0;9;0;0;0
SingularMatrixException;1.0;6.0;29.0;15;0;0;2
RetryRunner;5.0;4.0;7.0;345;0;0;3
SpearmansRankCorrelationTest;10.0;2.0;9.0;345;0;0;3
CardanEulerSingularityException;2.0;6.0;7.0;18;0;0;0
OpenIntToFieldHashMap;54.0;1.0;8.0;500;0;1;2
SparseEntryIterator;10.0;1.0;3.0;68;0;0;0
Mean;18.0;3.0;26.0;239;1;1;2
BoundaryAttribute;5.0;1.0;15.0;87;0;0;2
CMAESOptimizerTest;33.0;1.0;34.0;345;0;0;2
ComplexFormatTest;2.0;2.0;1.0;345;0;0;3
EuclideanDistanceTest;2.0;1.0;3.0;345;0;0;3
BivariateGridInterpolator;0;0;0;27;1;0;1
JacobiKey;4.0;1.0;1.0;34;0;0;0
EulerFieldStepInterpolator;4.0;3.0;9.0;77;1;0;1
FirstOrderDifferentialEquations;0;0;0;40;1;0;1
DefaultFieldMatrixPreservingVisitor;4.0;1.0;6.0;31;1;0;1
SsDiffPow;1.0;1.0;4.0;345;0;0;3
RealMatrixFormatTest;2.0;2.0;1.0;345;0;0;3
MainStateJacobianWrapper;7.0;1.0;6.0;48;0;0;0
MultiDimensionMismatchException;6.0;6.0;5.0;64;0;0;0
SetVisitor;1.0;2.0;2.0;345;0;0;3
Incrementor;18.0;1.0;18.0;225;1;1;2
MultiStartMultivariateOptimizerTest;3.0;1.0;23.0;345;0;0;2
GaussNewtonOptimizerWithSVDTest;7.0;2.0;17.0;345;0;0;2
ExpansionMode;0.0;0;2.0;10;0;0;0
SubLine;12.0;1.0;13.0;116;1;1;2
AbstractRegion;74.0;1.0;40.0;428;1;0;2
Ackley;4.0;1.0;4.0;345;0;0;3
goodPercentile;4.0;1.0;4.0;345;0;0;3
Identity;3.0;1.0;6.0;24;1;0;1
FixedStepHandler;0;0;0;46;0;0;0
AbstractStepInterpolator;43.0;1.0;29.0;493;1;0;2
NullArgumentException;2.0;6.0;167.0;29;0;0;2
CanberraDistanceTest;3.0;1.0;2.0;345;0;0;3
HelicalValleyFunction;5.0;2.0;5.0;345;0;0;3
MicrosphereInterpolatingFunction;17.0;1.0;11.0;199;1;1;2
PointStatus;0.0;0;1.0;7;0;0;0
TTestTest;13.0;1.0;6.0;345;0;0;3
Sphere;2.0;1.0;3.0;345;0;0;3
LinearProblem;5.0;1.0;9.0;345;0;0;3
UnivariateInterpolator;0;0;0;19;1;0;1
PopulationSize;3.0;1.0;4.0;31;0;0;0
AbstractIntegerDistributionTest;6.0;1.0;2.0;345;0;0;3
MidpointFieldIntegrator;5.0;3.0;10.0;64;1;1;2
Preconditioner;0;0;0;25;1;1;2
Sphere;2.0;1.0;3.0;345;0;0;3
GillIntegrator;1.0;3.0;5.0;45;0;1;1
ComplexField;6.0;1.0;5.0;50;1;1;2
ChiSquareTest;34.0;1.0;18.0;535;0;1;2
MultiStartUnivariateOptimizer;21.0;3.0;13.0;184;1;0;1
ZeroException;2.0;7.0;31.0;24;0;0;2
ModelFunction;2.0;1.0;15.0;28;0;0;2
CMAESOptimizer;141.0;3.0;28.0;1312;1;1;2
QRSolverTest;11.0;1.0;10.0;345;0;0;3
UnivariateVectorFunction;0;0;0;13;1;0;1
GaussNewtonOptimizer;16.0;6.0;24.0;133;1;1;2
Parametric;3.0;1.0;10.0;100;1;0;1
UnivariateDifferentiableFunction;0;0;0;20;1;0;1
LevenbergMarquardtOptimizerTest;12.0;2.0;25.0;345;0;0;2
JacobianMatricesTest;22.0;1.0;19.0;345;0;0;2
Rosenbrock;3.0;1.0;2.0;345;0;0;3
Population;0;0;0;34;1;1;2
BinomialTestTest;3.0;1.0;4.0;345;0;0;3
WeightedEvaluation;0;0;0;34;1;0;1
LazyHolder;0.0;1.0;1.0;7;0;0;0
FieldMatrixImplTest;93.0;1.0;24.0;345;0;0;2
Vector1DFormatTest;2.0;2.0;1.0;345;0;0;3
KohonenTrainingTask;3.0;1.0;3.0;35;1;0;1
Model;2.0;1.0;2.0;345;1;1;2
Elli;4.0;1.0;5.0;345;0;0;3
FractionField;6.0;1.0;14.0;50;1;1;2
ArgUtilsTest;3.0;1.0;2.0;345;0;0;3
InverseHilbertMatrix;10.0;2.0;8.0;345;0;0;3
ListPopulationTest;25.0;1.0;8.0;345;0;0;3
InitializationCompletedMarkerException;1.0;4.0;2.0;10;0;0;0
NonSquareMatrixException;1.0;8.0;30.0;19;0;0;2
BinaryMutation;3.0;1.0;11.0;27;1;1;2
ErfTest;24.0;1.0;3.0;345;0;0;3
SimplexTableau;93.0;1.0;14.0;533;0;1;2
ShiftInfo;0.0;1.0;1.0;16;0;0;0
ReappearingEventTest;4.0;1.0;11.0;345;0;0;3
SynchronizedDescriptiveStatisticsTest;1.0;2.0;3.0;345;0;0;3
Array2DRowRealMatrix;78.0;3.0;67.0;471;1;1;2
FractionTest;29.0;1.0;7.0;345;0;0;3
BinomialDistribution;22.0;2.0;13.0;158;1;1;2
IncrementorTest;12.0;1.0;4.0;345;0;0;3
JacobianFunction;5.0;1.0;5.0;40;1;0;1
OffsetFeatureInitializer;2.0;1.0;3.0;345;0;0;3
GammaTest;44.0;1.0;6.0;345;0;0;3
Euclidean1D;5.0;1.0;29.0;63;1;1;2
OptimumImpl;10.0;1.0;6.0;62;1;0;1
KolmogorovSmirnovTest;126.0;1.0;31.0;1144;0;1;2
Embedding;0;0;0;39;1;0;1
Well512aTest;3.0;3.0;5.0;345;0;0;3
LexicographicComparator;9.0;1.0;6.0;76;0;0;0
JacobianMultivariateVectorOptimizer;6.0;4.0;10.0;86;1;0;1
StepNormalizerOutputTestBase;25.0;1.0;15.0;345;0;0;2
BrownDennisFunction;5.0;2.0;3.0;345;0;0;3
SubLimitAngle;6.0;2.0;8.0;38;1;0;1
StepInterpolatorTestUtils;10.0;1.0;30.0;345;0;0;2
TravellingSalesmanSolver;29.0;1.0;26.0;345;0;0;2
Rosen;2.0;1.0;3.0;345;0;0;3
BigFraction;119.0;2.0;27.0;1084;1;1;2
FastMathTest;282.0;1.0;11.0;345;0;0;2
Counter;6.0;1.0;6.0;345;1;1;2
BaseUnivariateSolver;0;0;0;112;1;0;1
FiniteDifferencesDifferentiatorTest;46.0;1.0;20.0;345;0;0;2
CurveFitter;9.0;1.0;17.0;186;1;1;2
Cannonball;9.0;1.0;3.0;345;0;0;3
UnivariatePeriodicInterpolatorTest;12.0;1.0;7.0;345;0;0;3
FieldVectorPreservingVisitor;0;0;0;33;0;0;0
IntervalTest;6.0;1.0;6.0;345;0;0;3
PolynomialFitter;3.0;2.0;5.0;84;0;0;0
NonMonotonicSequenceException;9.0;7.0;42.0;95;0;0;2
MapVisualization;0;0;0;13;1;0;1
IterationOrder;0.0;0;1.0;8;0;0;0
LinearProblem;7.0;1.0;11.0;345;0;0;3
InterpolatingMicrosphere2D;4.0;2.0;4.0;61;1;1;2
NotPositiveExceptionTest;1.0;1.0;3.0;345;0;0;3
BaseAbstractMultivariateOptimizer;35.0;1.0;33.0;268;1;0;2
GeometricDistributionTest;11.0;2.0;4.0;345;0;0;3
GaussNewtonOptimizerTest;7.0;2.0;13.0;345;0;0;3
ParameterJacobianProvider;0;0;0;25;1;0;1
ConvergenceChecker;0;0;0;36;1;0;1
LocalMaxCountExceededException;2.0;4.0;2.0;19;0;0;0
BicubicSplineInterpolatingFunction;32.0;1.0;12.0;381;1;1;2
RombergIntegratorTest;3.0;1.0;9.0;345;0;0;3
AdamsBashforthIntegratorTest;10.0;1.0;18.0;345;0;0;2
AbstractSimplex;39.0;1.0;17.0;289;1;0;2
ArrayFieldVector;127.0;1.0;29.0;1034;1;1;2
OpenIntToDoubleHashMapTest;41.0;1.0;3.0;345;0;0;3
GradientFunctionTest;7.0;1.0;3.0;345;0;0;3
Model;3.0;1.0;3.0;345;1;1;2
Vector;0;0;0;113;1;1;2
Decimal10;17.0;3.0;4.0;345;0;0;3
AbstractEvaluation;6.0;1.0;11.0;52;1;1;2
Atan;3.0;1.0;8.0;24;1;1;2
ParameterValidator;0;0;0;14;0;0;0
GumbelDistributionTest;6.0;2.0;3.0;345;0;0;3
Gaussian2D;4.0;1.0;4.0;345;0;0;3
Sin;3.0;1.0;34.0;24;1;1;2
LocalException;0.0;4.0;1.0;345;0;0;3
FastSineTransformer;11.0;1.0;15.0;140;1;1;2
PolynomialsUtils;24.0;1.0;8.0;356;1;1;2
Arc;12.0;1.0;15.0;94;0;1;2
AbstractUnivariateStatistic;16.0;1.0;31.0;220;1;1;2
MaxEvalCallback;1.0;1.0;3.0;14;0;0;0
OrderedCrossover;8.0;1.0;11.0;107;1;1;2
Decomposition;4.0;0;17.0;104;1;1;2
IntegerDistributionAbstractTest;40.0;1.0;13.0;345;0;0;3
ManhattanDistance;1.0;1.0;4.0;14;1;1;2
NeuronIdentifierComparator;3.0;1.0;2.0;18;0;0;0
PropertiesComputer;15.0;1.0;13.0;117;1;1;2
BitsStreamGeneratorTest;2.0;3.0;3.0;345;0;0;3
ArcsSetTest;39.0;1.0;20.0;345;0;0;2
DormandPrince54FieldStepInterpolatorTest;5.0;2.0;10.0;345;0;0;3
ConstantGenerator;13.0;1.0;3.0;345;0;0;3
ParameterConfiguration;4.0;1.0;3.0;39;0;0;0
LexicographicIterator;12.0;1.0;1.0;115;0;0;3
TricubicFunction;11.0;1.0;3.0;61;1;0;1
TestRandomGenerator;2.0;2.0;2.0;345;0;0;3
AdamsFieldStepInterpolator;8.0;2.0;12.0;143;1;1;2
LinearFullRankFunction;8.0;2.0;2.0;345;0;0;3
NoFeasibleSolutionException;1.0;6.0;4.0;17;0;0;0
NelderMeadSimplex;24.0;2.0;7.0;240;1;0;1
DstNormalization;0.0;0;2.0;37;0;0;0
Rastrigin;5.0;1.0;4.0;345;0;0;3
EquationsMapper;7.0;1.0;20.0;65;0;1;2
MaxTest;4.0;3.0;5.0;345;0;0;3
GaussianTest;15.0;1.0;9.0;345;0;0;3
MaxIterCallback;1.0;1.0;3.0;14;0;0;0
OnePointCrossover;6.0;1.0;13.0;93;1;1;2
MapUtilsTest;7.0;1.0;9.0;345;0;0;3
City;7.0;1.0;3.0;345;0;0;3
SchurTransformerTest;21.0;1.0;6.0;345;0;0;3
FitnessCachingTest;3.0;1.0;11.0;345;0;0;3
FourExtrema;2.0;1.0;3.0;345;0;0;3
DataAdapter;0.0;1.0;3.0;18;1;0;1
FieldExpandableODE;7.0;1.0;24.0;99;0;1;2
Parametric;5.0;1.0;10.0;100;1;0;1
AdamsFieldIntegratorAbstractTest;9.0;1.0;22.0;345;0;0;2
UncorrelatedRandomVectorGeneratorTest;5.0;1.0;8.0;345;0;0;3
MultivariateDifferentiableVectorMultiStartOptimizerTest;13.0;1.0;19.0;345;0;0;2
Solver;8.0;1.0;6.0;111;1;1;2
EulerFieldIntegratorTest;15.0;2.0;6.0;345;0;0;3
SecantSolver;10.0;3.0;6.0;98;1;1;2
ChebyquadFunction;8.0;2.0;4.0;345;0;0;3
GaussIntegrator;8.0;1.0;15.0;97;1;1;2
Fraction;70.0;2.0;28.0;584;1;1;2
RungeKuttaFieldStepInterpolatorAbstractTest;24.0;1.0;29.0;345;0;0;2
ClopperPearsonInterval;3.0;1.0;7.0;33;1;1;2
Vector1DFormat;11.0;2.0;7.0;96;1;1;2
ContinuedFraction;13.0;1.0;8.0;141;1;1;2
Point;0;0;0;22;1;1;2
StepProblem;8.0;1.0;6.0;345;0;0;3
UnivariateFunctionDifferentiator;0;0;0;11;1;0;1
ObjectiveFunctionGradient;2.0;1.0;5.0;23;0;0;0
Field;3.0;1.0;2.0;36;1;1;2
BicubicFunction;8.0;1.0;4.0;57;1;1;2
FourExtrema;2.0;1.0;3.0;345;0;0;3
IterationListener;0;0;0;34;0;0;0
PegasusSolver;4.0;4.0;7.0;61;0;0;0
FDistributionTest;13.0;2.0;4.0;345;0;0;3
ComplexUtils;5.0;1.0;8.0;59;0;1;1
FieldBracketingNthOrderBrentSolver;43.0;1.0;20.0;356;1;1;2
MaxCountExceededCallback;0;0;0;13;1;0;1
IntegerSequence;3.0;1.0;9.0;311;1;1;2
NotStrictlyPositiveExceptionTest;1.0;1.0;3.0;345;0;0;3
Asinh;3.0;1.0;6.0;24;1;1;2
UnboundedSolutionException;1.0;6.0;4.0;17;0;0;0
Sphere;2.0;1.0;3.0;345;0;0;3
BaseMultivariateSimpleBoundsOptimizer;0;0;0;44;1;0;1
BigRealField;6.0;1.0;5.0;50;1;1;2
KeplerHandler;5.0;1.0;11.0;345;0;0;3
SynchronizedRandomGenerator;12.0;1.0;2.0;91;1;0;1
GaussNewtonOptimizerTest;6.0;2.0;7.0;345;0;0;3
MultivariateFunctionMappingAdapterTest;4.0;1.0;7.0;345;0;0;3
BaseAbstractUnivariateIntegrator;17.0;1.0;28.0;228;1;1;2
CircleTransform;4.0;1.0;9.0;30;0;0;0
MatrixUtils;106.0;1.0;102.0;1004;1;1;2
Euclidean2D;5.0;1.0;37.0;42;1;1;2
NewtonRaphsonSolverTest;2.0;1.0;6.0;345;0;0;3
TreeBuilder;11.0;1.0;4.0;345;0;0;3
AbstractIntegerDistribution;25.0;1.0;27.0;207;1;1;2
HessenbergTransformerTest;25.0;1.0;6.0;345;0;0;3
AdaptiveStepsizeIntegrator;31.0;2.0;23.0;297;1;1;2
Osborne2Function;3.0;2.0;3.0;345;0;0;3
NakagamiDistributionTest;6.0;2.0;3.0;345;0;0;3
HilbertMatrix;8.0;2.0;6.0;345;0;0;3
BitRandom;2.0;2.0;1.0;345;0;0;3
Neuron;17.0;1.0;25.0;225;0;1;2
BesselJResult;3.0;1.0;3.0;49;0;0;0
NeighbourhoodSizeFunctionFactoryTest;9.0;1.0;4.0;345;0;0;3
BigFractionFieldTest;3.0;1.0;3.0;345;0;0;3
RealVectorChangingVisitor;0;0;0;38;0;0;0
KeplerHandler;5.0;1.0;5.0;345;0;0;3
SigmoidTest;9.0;1.0;6.0;345;0;0;3
ClusterEvaluator;10.0;1.0;10.0;84;1;0;1
SynchronizedMultivariateSummaryStatisticsTest;1.0;2.0;3.0;345;0;0;3
ModelFunctionJacobian;2.0;1.0;14.0;28;0;0;0
Parametric;5.0;1.0;6.0;100;1;0;1
BiQuadratic;10.0;1.0;2.0;345;0;0;3
UnmodifiableArrayRealVectorTest;2.0;2.0;3.0;345;0;0;3
DormandPrince54Integrator;6.0;4.0;9.0;115;1;1;2
RiddersSolver;13.0;3.0;6.0;113;1;1;2
SparseGradient;126.0;1.0;10.0;704;1;1;2
Sphere;2.0;1.0;3.0;345;0;0;3
LinearProblem;6.0;1.0;7.0;345;0;0;3
ClassicalRungeKuttaFieldIntegratorTest;15.0;2.0;6.0;345;0;0;3
EigenSolverTest;13.0;1.0;11.0;345;0;0;3
QuasiSigmoidDecayFunction;5.0;1.0;6.0;60;0;0;0
Rosen;2.0;1.0;3.0;345;0;0;3
TiesStrategy;0.0;0;4.0;30;0;0;0
OutOfRangeException;4.0;7.0;132.0;54;0;0;2
ThreeEighthesIntegratorTest;18.0;1.0;21.0;345;0;0;2
CloseIntegerPoint;7.0;1.0;3.0;345;0;0;3
EuclideanDistance;6.0;1.0;8.0;14;1;1;2
LearningFactorFunctionFactory;7.0;1.0;7.0;88;1;0;1
FractionFieldTest;3.0;1.0;3.0;345;0;0;3
Ceil;1.0;1.0;4.0;11;1;1;2
KthSelector;17.0;1.0;10.0;119;0;1;1
TheoreticalValuesFunction;8.0;1.0;9.0;55;0;0;0
SynchronizedSummaryStatistics;37.0;2.0;7.0;305;1;1;2
StepNormalizerMode;0.0;0;3.0;49;0;0;0
TrivariateGridInterpolator;0;0;0;30;1;0;1
ObjectiveFunction;2.0;1.0;13.0;23;1;1;2
PLYParser;31.0;1.0;6.0;345;0;0;3
PowellSingularFunction;2.0;2.0;4.0;345;0;0;3
EventState;34.0;1.0;18.0;335;1;1;2
NumberIsTooSmallExceptionTest;1.0;1.0;2.0;345;0;0;3
RealLinearOperator;2.0;1.0;13.0;84;1;0;1
Skewness;17.0;3.0;13.0;182;1;1;2
InsideFinder;24.0;1.0;8.0;115;0;0;1
SinCos;6.0;1.0;4.0;345;0;0;3
DBSCANClusterer;21.0;2.0;10.0;179;1;1;2
SimpleValueChecker;6.0;2.0;14.0;98;1;1;2
MultiStartMultivariateOptimizer;10.0;4.0;9.0;78;1;0;1
NordsieckStepInterpolator;28.0;2.0;9.0;223;1;1;2
ParameterGuesser;30.0;1.0;9.0;281;0;0;3
BaseRuleFactoryTest;3.0;1.0;2.0;345;0;0;3
FunctionUtilsTest;34.0;1.0;29.0;345;0;0;2
Combinations;9.0;1.0;8.0;352;1;1;2
SubLine;19.0;2.0;24.0;116;1;1;2
SubPlane;9.0;2.0;20.0;67;1;1;2
EmptyClusterStrategy;0.0;0;2.0;11;0;0;0
KolmogorovSmirnovTestTest;52.0;1.0;11.0;345;0;0;2
VariableStepHandler;7.0;1.0;4.0;345;0;0;3
PointStatus;0.0;0;1.0;7;0;0;0
SphericalCoordinates;13.0;1.0;4.0;309;0;1;1
Mapper;0;0;0;17;1;1;2
AbstractStorelessUnivariateStatistic;13.0;2.0;33.0;152;1;1;2
BarTransformer;1.0;1.0;3.0;345;0;0;3
RootsOfUnityTest;11.0;1.0;4.0;345;0;0;3
AnyMatrix;0;0;0;23;1;0;1
HypergeometricDistribution;32.0;2.0;12.0;292;1;1;2
DummyRandomKey;4.0;4.0;4.0;345;0;0;3
MaxIterCallback;1.0;1.0;3.0;14;0;0;0
SparseRealMatrixTest;38.0;1.0;17.0;345;0;0;2
AbstractRealDistributionTest;40.0;1.0;5.0;345;0;0;3
MultidimensionalCounter;18.0;1.0;7.0;255;1;1;2
Vector3D;59.0;1.0;60.0;484;1;1;2
Segment;4.0;1.0;4.0;39;0;1;1
Relationship;6.0;0;4.0;43;0;0;0
KMeansPlusPlusClustererTest;13.0;1.0;11.0;345;0;0;3
FastSineTransformerTest;36.0;2.0;13.0;345;0;0;3
SimplexOptimizer;17.0;2.0;16.0;192;1;0;2
StatisticalReferenceDataset;31.0;1.0;6.0;345;0;0;3
RootsOfUnity;15.0;1.0;7.0;168;0;1;1
MeyerFunction;6.0;2.0;3.0;345;0;0;3
FieldRotationDSTest;104.0;1.0;19.0;345;0;0;2
BisectionSolver;7.0;3.0;6.0;65;1;1;2
Solver;27.0;1.0;12.0;111;1;1;2
FirstOrderFieldDifferentialEquations;0;0;0;47;0;0;0
EventFilter;15.0;1.0;6.0;149;1;0;1
StatisticalSummaryValues;13.0;1.0;8.0;143;1;1;2
DormandPrince54FieldIntegrator;11.0;4.0;15.0;180;1;1;2
RunTest;2.0;1.0;1.0;345;0;0;3
DormandPrince853FieldIntegrator;12.0;4.0;18.0;369;1;1;2
VectorFormat;19.0;1.0;15.0;219;1;1;2
DescriptiveStatisticsTest;24.0;1.0;19.0;345;0;0;2
LocalException;0.0;4.0;2.0;345;0;0;3
FrenchRealVectorFormatTest;2.0;2.0;1.0;345;0;0;3
WeightedObservedPoint;4.0;1.0;16.0;52;0;0;2
DormandPrince853FieldIntegratorTest;13.0;2.0;6.0;345;0;0;3
EulerIntegrator;1.0;3.0;4.0;46;0;0;0
PivotSelectionRule;0.0;0;3.0;18;0;0;0
NelderMeadSimplex;24.0;2.0;8.0;240;1;0;1
TrapezoidIntegrator;12.0;2.0;11.0;131;1;1;2
MannWhitneyUTestTest;6.0;1.0;3.0;345;0;0;3
AdamsBashforthFieldIntegratorTest;8.0;2.0;9.0;345;0;0;3
Acos;3.0;1.0;8.0;24;1;1;2
Elli;4.0;1.0;5.0;345;0;0;3
StepInterpolator;0;0;0;146;1;1;2
MannWhitneyUTest;10.0;1.0;11.0;182;0;1;1
LinearFullRankFunction;4.0;2.0;4.0;345;0;0;3
S2Point;19.0;1.0;18.0;178;1;1;2
DiskGenerator;5.0;1.0;9.0;79;1;1;2
FieldStepInterpolator;0;0;0;48;1;1;2
BinomialDistributionTest;14.0;2.0;5.0;345;0;0;3
ThirdMoment;8.0;5.0;7.0;112;1;1;2
RealMatrixFormatAbstractTest;32.0;1.0;6.0;345;0;0;3
PolygonsSet;91.0;2.0;30.0;990;1;1;2
DifferentiableUnivariateMatrixFunction;0;0;0;16;0;0;0
ConnectableSegment;10.0;2.0;7.0;89;0;0;0
OutlineExtractor;8.0;1.0;9.0;196;1;1;2
S1PointTest;6.0;1.0;7.0;345;0;0;3
TricubicSplineInterpolatingFunction;40.0;1.0;10.0;361;1;1;2
PiecewiseBicubicSplineInterpolator;3.0;1.0;9.0;33;1;1;2
MatrixDimensionMismatchExceptionTest;1.0;1.0;1.0;345;0;0;3
WilcoxonSignedRankTestTest;3.0;1.0;5.0;345;0;0;3
GetVisitor;3.0;2.0;3.0;345;0;0;3
AbstractDifferentiableUnivariateSolver;4.0;2.0;6.0;55;1;0;1
LowerBoundMapper;3.0;1.0;3.0;21;0;0;0
ArcTest;6.0;1.0;7.0;345;0;0;3
TestFunction;5.0;1.0;3.0;345;0;0;3
RectangularCholeskyDecomposition;17.0;1.0;7.0;152;0;1;1
UnitSphereRandomVectorGeneratorTest;5.0;1.0;5.0;345;0;0;3
DifferenceMerger;6.0;1.0;7.0;41;0;0;0
NaNStrategy;0.0;0;10.0;31;0;0;0
Solver;25.0;1.0;13.0;111;1;1;2
PolyhedronsSet;56.0;2.0;30.0;600;1;1;2
GraggBulirschStoerStepInterpolatorTest;10.0;1.0;14.0;345;0;0;3
MultiDimensionalComplexMatrix;22.0;1.0;4.0;155;0;0;1
RotationConvention;0.0;0;10.0;57;0;0;0
SkewnessTest;3.0;3.0;4.0;345;0;0;3
ExponentialDistributionTest;12.0;2.0;6.0;345;0;0;3
Sigma;4.0;1.0;5.0;36;0;0;0
Box3DimensionalFunction;5.0;2.0;3.0;345;0;0;3
PerfectInterpolator;15.0;1.0;4.0;345;0;0;3
DormandPrince853FieldStepInterpolator;7.0;3.0;12.0;256;1;1;2
SemiVariance;21.0;2.0;9.0;307;1;1;2
LocalException;0.0;4.0;1.0;345;0;0;3
MultivariateFunctionMappingAdapter;13.0;1.0;11.0;241;1;1;2
PowellOptimizerTest;24.0;1.0;15.0;345;0;0;2
UnivariateVectorFunctionDifferentiator;0;0;0;11;1;0;1
UnivariatePointValuePair;3.0;1.0;10.0;44;0;0;0
SobolSequenceGeneratorTest;7.0;1.0;3.0;345;0;0;3
SimpleVectorValueCheckerTest;3.0;1.0;3.0;345;0;0;3
DP54SmallLastHandler;5.0;1.0;4.0;345;0;0;3
MathUnsupportedOperationException;5.0;5.0;33.0;45;1;0;2
BiQuadratic;10.0;1.0;2.0;345;0;0;3
Minus;3.0;1.0;5.0;24;1;0;1
Log10;3.0;1.0;7.0;24;1;1;2
QRDecompositionTest;21.0;1.0;9.0;345;0;0;3
TestException;0.0;4.0;1.0;345;0;0;3
NoBoundsMapper;2.0;1.0;2.0;11;0;0;0
LogNormalDistribution;29.0;2.0;10.0;310;1;1;2
HessenbergTransformer;33.0;1.0;9.0;185;0;1;1
UnivariateSolver;0;0;0;7;1;1;2
MultivariateNormalMixtureModelDistribution;1.0;3.0;4.0;345;0;0;3
AbstractRandomGenerator;21.0;1.0;5.0;234;1;1;2
SerializationProxy;2.0;1.0;1.0;30;0;0;0
VarianceTest;8.0;3.0;10.0;345;0;0;3
PolygonsSetTest;63.0;1.0;22.0;345;0;0;2
VerticalDirection;0.0;0;3.0;12;0;0;0
MullerSolver2;13.0;3.0;7.0;133;1;1;2
MultivariateFunctionPenaltyAdapter;11.0;1.0;7.0;156;1;1;2
ChiSquaredDistribution;16.0;2.0;9.0;158;1;0;1
FastHadamardTransformerTest;13.0;1.0;4.0;345;0;0;3
MinTest;4.0;3.0;5.0;345;0;0;3
ConjugateGradient;12.0;3.0;15.0;201;1;1;2
GetVisitor;3.0;2.0;3.0;345;0;0;3
RegulaFalsiSolverTest;4.0;2.0;7.0;345;0;0;3
WelzlEncloser3DTest;19.0;1.0;8.0;345;0;0;3
Elli;4.0;1.0;5.0;345;0;0;3
BracketingStep;2.0;1.0;1.0;31;0;0;0
SparseFieldVectorTest;69.0;1.0;13.0;345;0;0;2
DataTransferObject;2.0;1.0;2.0;29;0;0;0
Preconditioner;0;0;0;25;1;1;2
ArrayFieldVectorTest;69.0;1.0;13.0;345;0;0;2
PowellSingularFunction;3.0;2.0;3.0;345;0;0;3
FieldBracketingNthOrderBrentSolverTest;22.0;1.0;8.0;345;0;0;3
AdamsMoultonIntegratorTest;9.0;1.0;16.0;345;0;0;2
IllConditionedOperatorException;1.0;6.0;4.0;20;0;0;0
UnivariateDifferentiableMatrixFunction;0;0;0;17;1;0;1
RandomKeyMutation;2.0;1.0;10.0;25;1;1;2
Vector3DFormatAbstractTest;29.0;1.0;6.0;345;0;0;3
JacobiPreconditioner;13.0;2.0;9.0;105;1;1;2
MultivariateNormalDistributionTest;16.0;1.0;6.0;345;0;0;3
FractionConversionException;2.0;7.0;13.0;29;0;0;0
GaussianQuadratureAbstractTest;4.0;1.0;6.0;345;0;0;3
ThreeEighthesFieldStepInterpolatorTest;5.0;2.0;10.0;345;0;0;3
DimensionMismatchExceptionTest;1.0;1.0;2.0;345;0;0;3
PolynomialFitterTest;27.0;1.0;14.0;345;0;0;3
DfpField;57.0;1.0;17.0;609;1;0;2
SimplePointChecker;7.0;2.0;7.0;116;1;1;2
FieldDecompositionSolver;0;0;0;49;1;0;1
BardFunction;4.0;2.0;3.0;345;0;0;3
SimplePointCheckerTest;3.0;1.0;3.0;345;0;0;3
badPercentile;3.0;1.0;4.0;345;0;0;3
MathUtilsTest;31.0;1.0;10.0;345;0;0;3
RealTransformerAbstractTest;25.0;1.0;10.0;345;0;0;3
GammaDistribution;36.0;2.0;11.0;451;1;1;2
CholeskyDecomposition;17.0;1.0;14.0;257;1;1;2
KolmogorovSmirnovDistribution;29.0;1.0;14.0;276;0;1;1
FieldSecondaryEquations;0;0;0;48;0;0;0
SimpsonIntegrator;10.0;2.0;9.0;95;1;1;2
WatsonFunction;9.0;2.0;2.0;345;0;0;3
Line;25.0;1.0;21.0;484;1;1;2
RotationTest;85.0;1.0;11.0;345;0;0;2
BinomialConfidenceIntervalAbstractTest;7.0;1.0;7.0;345;0;0;3
NoBoundsMapper;3.0;1.0;2.0;11;0;0;0
FieldLUDecomposition;30.0;1.0;16.0;369;1;1;2
HighamHall54Integrator;7.0;4.0;7.0;96;1;1;2
Characterization;18.0;1.0;9.0;151;0;0;3
LegendreTest;2.0;1.0;6.0;345;0;0;3
ResizableDoubleArray;81.0;1.0;17.0;1108;1;1;2
Osborne2Function;5.0;2.0;3.0;345;0;0;3
FDistribution;24.0;2.0;12.0;277;1;1;2
PointVectorValuePairTest;3.0;1.0;4.0;345;0;0;3
NumberTransformer;0;0;0;17;1;0;1
LazyHolder;0.0;1.0;1.0;7;0;0;0
DenseWeightedEvaluation;4.0;2.0;6.0;38;1;0;1
GaussNewtonOptimizer;16.0;3.0;21.0;133;1;1;2
Vector1DTest;23.0;1.0;6.0;345;0;0;3
NotANumberException;1.0;7.0;15.0;15;0;0;2
LevyDistributionTest;7.0;2.0;4.0;345;0;0;3
Node;75.0;1.0;3.0;375;0;0;2
Encloser;0;0;0;13;1;0;1
LocalException;0.0;4.0;1.0;345;0;0;3
WilsonScoreIntervalTest;2.0;2.0;4.0;345;0;0;3
SimpleCurveFitterTest;2.0;1.0;9.0;345;0;0;3
FieldExpandableODETest;27.0;1.0;14.0;345;0;0;3
DiffPow;2.0;1.0;5.0;345;0;0;3
Multiply;1.0;1.0;3.0;11;1;0;1
LeastSquaresProblem;6.0;1.0;5.0;122;1;0;1
MultivariateMultiStartOptimizer;1.0;2.0;5.0;30;1;0;1
Split;15.0;1.0;1.0;51;0;0;0
BaseUnivariateOptimizer;0;0;0;62;1;0;1
StandardDeviationTest;6.0;3.0;9.0;345;0;0;3
GetVisitor;2.0;2.0;2.0;345;0;0;3
Rint;1.0;1.0;4.0;11;1;1;2
DummyFieldStepInterpolator;3.0;2.0;5.0;345;0;0;3
QuasiSigmoidDecayFunctionTest;4.0;1.0;3.0;345;0;0;3
PerfectStarter;4.0;2.0;11.0;345;0;0;3
StepFunction;7.0;1.0;10.0;68;1;1;2
SimplexTableauTest;9.0;1.0;7.0;345;0;0;3
SubIntervalsIterator;13.0;1.0;4.0;83;0;0;0
Precision;57.0;1.0;100.0;541;0;1;2
CentroidCluster;2.0;2.0;9.0;30;0;0;0
Exp;3.0;1.0;8.0;24;1;1;2
DifferentiableUnivariateFunction;0;0;0;15;1;0;1
RandomDataImpl;34.0;1.0;16.0;512;1;0;2
LevyDistribution;19.0;2.0;7.0;146;1;1;2
LutherFieldStepInterpolatorTest;5.0;2.0;10.0;345;0;0;3
BigRealTest;15.0;1.0;4.0;345;0;0;3
Event;7.0;1.0;3.0;345;1;0;1
KMeansPlusPlusClustererTest;16.0;1.0;7.0;345;0;0;3
DiagonalMatrixTest;53.0;1.0;15.0;345;0;0;2
ConjugateGradientFormula;0.0;0;3.0;28;0;0;0
Array2DRowRealMatrixTest;97.0;1.0;23.0;345;0;0;2
CycleCrossoverTest;13.0;1.0;11.0;345;0;0;3
ArrayRealVector;138.0;2.0;72.0;848;1;1;2
HaltonSequenceGeneratorTest;9.0;1.0;5.0;345;0;0;3
LinearRank1Function;7.0;2.0;2.0;345;0;0;3
PiecewiseBicubicSplineInterpolatorTest;15.0;1.0;11.0;345;0;0;3
ChiSquaredDistributionTest;13.0;2.0;3.0;345;0;0;3
FastHadamardTransformer;14.0;1.0;10.0;273;1;1;2
UnivariatePeriodicInterpolator;7.0;1.0;9.0;90;1;1;2
SimpleInverseFunction;4.0;1.0;3.0;345;0;0;3
ContinuousOutputFieldModel;32.0;1.0;12.0;273;1;1;2
CircleVectorial;12.0;1.0;7.0;345;0;0;3
StableRandomGenerator;11.0;1.0;7.0;100;1;1;2
ExceptionContextTest;8.0;1.0;4.0;345;0;0;3
AdamsMoultonIntegrator;14.0;5.0;17.0;343;1;1;2
AkimaSplineInterpolator;14.0;1.0;14.0;160;1;1;2
SplitSubHyperplane;7.0;1.0;17.0;53;0;0;2
TournamentSelection;8.0;1.0;13.0;83;1;1;2
StraightLineProblem;18.0;1.0;5.0;345;0;0;3
AbstractLeastSquaresOptimizerAbstractTest;34.0;1.0;27.0;345;0;0;2
ClassicalRungeKuttaIntegrator;1.0;3.0;5.0;49;0;0;0
SparseRealVector;0.0;2.0;2.0;13;0;0;0
StableRandomGeneratorTest;10.0;1.0;8.0;345;0;0;3
MultivariateFunctionPenaltyAdapterTest;5.0;1.0;8.0;345;0;0;3
Acosh;3.0;1.0;6.0;24;1;1;2
CrossoverPolicy;0;0;0;17;1;0;1
Inverse;3.0;1.0;10.0;24;1;1;2
SecondOrderDifferentialEquations;0;0;0;39;0;0;0
LazyHolder;0.0;1.0;1.0;7;0;0;0
GillIntegratorTest;19.0;1.0;22.0;345;0;0;2
EnumeratedRealDistribution;34.0;2.0;14.0;272;1;0;1
ArrayDataAdapter;5.0;2.0;6.0;35;0;0;0
Powell;3.0;1.0;2.0;345;0;0;3
Corrector;8.0;1.0;5.0;66;0;0;0
AbstractScalarDifferentiableOptimizer;5.0;2.0;13.0;79;1;1;2
JacobianMatrices;28.0;1.0;13.0;391;1;0;1
CholeskyDecompositionTest;11.0;1.0;8.0;345;0;0;3
LogitTest;23.0;1.0;13.0;345;0;0;3
BitsStreamGenerator;25.0;1.0;27.0;221;1;1;2
PerfectStarter;4.0;2.0;7.0;345;0;0;3
LewTest;1.0;2.0;1.0;345;0;0;3
UpperBoundMapper;3.0;1.0;3.0;19;0;0;0
BaseRuleFactory;9.0;1.0;11.0;113;1;0;1
Circle;24.0;1.0;25.0;256;1;1;2
Rosenbrock;3.0;1.0;2.0;345;0;0;3
TestUtilsTest;22.0;1.0;14.0;345;0;0;3
AbstractFieldIntegrator;49.0;1.0;43.0;336;1;1;2
FindOnes;5.0;4.0;3.0;345;0;0;3
DifferentiableUnivariateVectorFunction;0;0;0;16;0;0;0
FirstOrderConverter;3.0;1.0;3.0;80;1;0;1
BaseMultivariateVectorMultiStartOptimizer;19.0;1.0;15.0;161;1;0;2
Rotation;99.0;1.0;28.0;1230;0;1;2
ExpIntTable;3.0;1.0;3.0;34;0;0;0
BigFractionFormat;25.0;4.0;7.0;227;1;1;2
EulerStepInterpolatorTest;11.0;1.0;19.0;345;0;0;2
DiagonalMatrix;43.0;3.0;35.0;307;1;1;2
DifferentiableMultivariateOptimizer;0;0;0;16;0;0;0
NoBracketingException;6.0;6.0;77.0;82;0;0;2
Add;1.0;1.0;3.0;11;1;0;1
SimpleUnivariateValueChecker;6.0;2.0;7.0;110;1;1;2
Event;7.0;1.0;3.0;345;1;0;1
AbstractFieldStepInterpolator;8.0;1.0;21.0;129;1;0;2
BiQuadratic;10.0;1.0;2.0;345;0;0;3
ArgUtils;6.0;1.0;2.0;33;0;1;1
GaussIntegratorTest;5.0;1.0;5.0;345;0;0;3
Cigar;4.0;1.0;3.0;345;0;0;3
ResettingEvent;5.0;1.0;3.0;345;0;0;3
FuzzyKMeansClusterer;44.0;2.0;19.0;345;1;1;2
BracketingNthOrderBrentSolver;42.0;3.0;16.0;329;1;1;2
TheoreticalValuesFunction;7.0;1.0;6.0;55;0;0;0
PolynomialFunctionNewtonForm;18.0;1.0;10.0;195;1;1;2
Well19937cTest;4.0;3.0;5.0;345;0;0;3
BicubicSplineInterpolatingFunctionTest;76.0;1.0;10.0;345;0;0;2
ElliRotated;4.0;1.0;5.0;345;0;0;3
SimpleValueCheckerTest;3.0;1.0;3.0;345;0;0;3
GradientMultivariateOptimizer;6.0;4.0;9.0;73;1;0;1
StoppingCondition;0;0;0;15;1;0;1
BetaDistributionTest;18.0;1.0;10.0;345;0;0;3
MultivariateDifferentiableMultiStartOptimizerTest;6.0;1.0;19.0;345;0;0;2
LinearInterpolator;5.0;1.0;12.0;47;1;1;2
LoessInterpolator;33.0;1.0;16.0;398;1;1;2
ConvergenceException;2.0;6.0;45.0;27;0;0;2
NonLinearConjugateGradientOptimizerTest;14.0;1.0;13.0;345;0;0;3
SaddlePointExpansion;12.0;1.0;6.0;172;0;1;1
StorelessCovariance;23.0;2.0;10.0;185;1;1;2
StatUtils;49.0;1.0;32.0;794;0;1;2
MicrosphereProjectionInterpolatorTest;6.0;1.0;6.0;345;0;0;3
MultiStartMultivariateVectorOptimizer;10.0;4.0;10.0;86;1;0;1
MultivariateDifferentiableVectorMultiStartOptimizer;1.0;2.0;5.0;31;0;0;0
LutherIntegratorTest;31.0;1.0;24.0;345;0;0;2
HelicalValleyFunction;6.0;2.0;3.0;345;0;0;3
PermutationChromosome;0;0;0;18;1;0;1
Iterator;10.0;1.0;3.0;86;1;0;1
ClopperPearsonIntervalTest;2.0;2.0;4.0;345;0;0;3
TreeDumper;9.0;1.0;7.0;345;0;0;3
FieldFixedStepHandler;0;0;0;42;0;0;0
Solver;5.0;1.0;6.0;111;1;1;2
SegmentTest;1.0;1.0;4.0;345;0;0;3
TooManyEvaluationsExceptionTest;1.0;1.0;2.0;345;0;0;3
OpenIntToFieldTest;41.0;1.0;6.0;345;0;0;3
LogisticsDistributionTest;6.0;2.0;3.0;345;0;0;3
OpenMapRealMatrixTest;4.0;1.0;2.0;345;0;0;3
BinomialConfidenceInterval;0;0;0;37;1;0;1
DormandPrince853StepInterpolatorTest;10.0;1.0;14.0;345;0;0;3
DummyOptimizer;2.0;6.0;5.0;345;0;0;3
ArcsSet;88.0;2.0;27.0;785;1;1;2
FirstMoment;9.0;3.0;12.0;131;1;1;2
EigenDecompositionTest;74.0;1.0;17.0;345;0;0;2
InitializationCompletedMarkerException;1.0;4.0;2.0;10;0;0;0
MathIllegalStateException;6.0;5.0;75.0;59;1;0;2
PSquarePercentileTest;62.0;3.0;18.0;345;0;0;2
TricubicInterpolatingFunction;42.0;1.0;11.0;386;1;1;2
Basis;13.0;1.0;3.0;345;0;0;3
Quaternion;36.0;1.0;8.0;398;0;1;1
DividedDifferenceInterpolator;4.0;1.0;8.0;88;1;1;2
MathParseException;2.0;6.0;21.0;33;0;0;2
LeastSquaresProblem;0;0;0;122;1;0;1
IllinoisSolverTest;2.0;2.0;3.0;345;0;0;3
GaussianRandomGenerator;2.0;1.0;11.0;22;1;0;1
DoubleArray;0;0;0;82;1;1;2
RandomDataGenerator;68.0;1.0;39.0;669;1;1;2
DummyListChromosome;13.0;3.0;4.0;345;0;0;3
Abs;1.0;1.0;4.0;11;1;1;2
DummyStepInterpolator;12.0;2.0;8.0;345;0;0;3
NordsieckTransformer;0;0;0;17;0;1;1
Percentile;50.0;2.0;24.0;969;1;1;2
DescriptiveStatistics;61.0;1.0;33.0;665;1;1;2
InteractionTest;2.0;1.0;6.0;345;0;0;3
RotationOrder;5.0;1.0;7.0;133;0;0;3
sumMean;9.0;1.0;2.0;345;0;0;3
KohonenUpdateAction;14.0;1.0;13.0;179;1;1;2
NonLinearConjugateGradientOptimizerTest;15.0;1.0;16.0;345;0;0;2
NotARotationMatrixException;1.0;6.0;7.0;21;0;0;0
GumbelDistribution;18.0;2.0;9.0;121;1;1;2
BicubicInterpolatingFunction;22.0;1.0;11.0;215;1;1;2
VariableHandler;7.0;1.0;4.0;345;0;0;3
DataTransferObject;2.0;1.0;2.0;29;0;0;0
EuclideanIntegerPointTest;4.0;1.0;3.0;345;0;0;3
SmallPrimes;20.0;1.0;5.0;154;0;1;1
MixtureMultivariateRealDistribution;17.0;2.0;15.0;126;1;0;2
BracketFinderTest;10.0;1.0;3.0;345;0;0;3
RealVectorTest;28.0;2.0;4.0;345;0;0;3
ListUnivariateImplTest;7.0;1.0;5.0;345;0;0;3
UnivariateSolverUtils;36.0;1.0;21.0;411;0;1;2
EmpiricalDistribution;61.0;2.0;26.0;731;1;1;2
NakagamiDistribution;18.0;2.0;9.0;142;1;1;2
Plane;42.0;1.0;28.0;437;1;1;2
RandomCirclePointGenerator;4.0;1.0;9.0;345;0;0;3
BaseAbstractUnivariateOptimizer;13.0;1.0;11.0;124;1;0;1
LutherFieldIntegratorTest;15.0;2.0;10.0;345;0;0;3
LogNormalDistributionTest;21.0;2.0;4.0;345;0;0;3
PointVectorValuePairTest;3.0;1.0;4.0;345;0;0;3
PairDoubleInteger;3.0;1.0;1.0;25;0;0;0
CertifiedDataAbstractTest;15.0;1.0;5.0;345;0;0;3
GillFieldIntegrator;6.0;3.0;11.0;81;1;1;2
DfpDec;52.0;2.0;6.0;288;1;0;2
BicubicInterpolatorTest;14.0;1.0;10.0;345;0;0;3
SimpleUnivariateValueCheckerTest;3.0;1.0;3.0;345;0;0;3
StatisticalSummary;0;0;0;44;1;0;1
SearchInterval;7.0;1.0;8.0;69;0;0;0
NoFeasibleSolutionException;1.0;6.0;4.0;17;0;0;0
HarmonicFitter;3.0;2.0;5.0;333;0;1;1
EvaluationTestValidation;17.0;1.0;11.0;345;0;0;3
DiceDistribution;11.0;2.0;2.0;345;0;0;3
KalmanFilter;23.0;1.0;17.0;319;0;1;2
NonSquareOperatorException;1.0;8.0;9.0;18;0;0;0
FrequencyTest;18.0;1.0;3.0;345;0;0;3
BicubicSplineFunction;23.0;1.0;4.0;185;1;0;1
MathIllegalNumberException;2.0;6.0;23.0;35;0;0;2
MaxCountExceededExceptionTest;1.0;1.0;1.0;345;0;0;3
NumberIsTooLargeExceptionTest;1.0;1.0;2.0;345;0;0;3
TTest;35.0;1.0;16.0;1069;0;1;2
RectangularCholeskyDecompositionTest;4.0;1.0;3.0;345;0;0;3
PearsonsCorrelation;27.0;1.0;15.0;286;0;1;2
MultiStartMultivariateVectorOptimizerTest;9.0;1.0;22.0;345;0;0;2
Well44497aTest;4.0;3.0;5.0;345;0;0;3
MyInteger;5.0;1.0;1.0;345;0;0;3
RetryRunnerTest;3.0;1.0;2.0;345;0;0;3
RombergIntegrator;10.0;2.0;10.0;105;1;1;2
DividedDifferenceInterpolatorTest;8.0;1.0;8.0;345;0;0;3
BicubicInterpolatingFunctionTest;20.0;1.0;11.0;345;0;0;3
RandomKeyTest;13.0;1.0;2.0;345;0;0;3
UnivariateMatrixFunctionDifferentiator;0;0;0;11;1;0;1
Tablet;4.0;1.0;3.0;345;0;0;3
GeometricMean;15.0;3.0;18.0;167;1;1;2
Constant;4.0;1.0;10.0;32;1;0;1
ParameterizedWrapper;8.0;1.0;5.0;51;1;0;1
DiskGeneratorTest;9.0;1.0;8.0;345;0;0;3
SupportBallGenerator;0;0;0;17;1;0;1
StraightLineProblem;18.0;1.0;5.0;345;0;0;3
Evaluation;0;0;0;73;1;1;2
AbstractRandomGeneratorTest;2.0;3.0;3.0;345;0;0;3
GaussianCurveFitterTest;15.0;1.0;6.0;345;0;0;3
TransformType;0.0;0;10.0;11;0;0;0
RealFieldElement;0;0;0;331;1;0;1
SimplexOptimizerNelderMeadTest;13.0;1.0;13.0;345;0;0;3
RRQRSolverTest;11.0;1.0;10.0;345;0;0;3
TestComplex;3.0;2.0;2.0;345;0;0;3
SymmLQ;15.0;3.0;18.0;1123;1;1;2
NeuronSquareMesh2DTest;75.0;1.0;11.0;345;0;0;2
TriDiagonalTransformerTest;20.0;1.0;7.0;345;0;0;3
NormalDistribution;27.0;2.0;37.0;259;1;1;2
DataTransferObject;2.0;1.0;2.0;29;0;0;0
TrivariateFunction;0;0;0;16;1;0;1
DummyBinaryChromosome;4.0;4.0;11.0;345;0;0;3
KowalikOsborneFunction;4.0;2.0;3.0;345;0;0;3
WelzlEncloser;15.0;1.0;9.0;122;1;0;1
PSquareMarkers;0;0;0;44;1;0;1
InvalidRepresentationException;1.0;6.0;6.0;18;0;0;0
PolynomialSplineFunction;20.0;1.0;22.0;202;1;1;2
QuaternionTest;24.0;1.0;7.0;345;0;0;3
RandomKey;27.0;3.0;15.0;245;1;1;2
ConvexHullGenerator2DAbstractTest;36.0;1.0;15.0;345;0;0;2
PSquarePercentile;30.0;3.0;8.0;860;1;1;2
AVLTree;26.0;1.0;2.0;557;0;0;3
ISAACRandom;23.0;2.0;6.0;236;1;1;2
FourthMomentTest;2.0;3.0;4.0;345;0;0;3
Chromosome;9.0;1.0;36.0;79;1;1;2
GillFieldStepInterpolator;4.0;3.0;9.0;113;1;0;1
ZipfDistributionTest;29.0;2.0;11.0;345;0;0;3
BinaryChromosome;12.0;3.0;19.0;68;1;1;2
Sphere2D;5.0;1.0;16.0;48;1;1;2
UncorrelatedRandomVectorGenerator;5.0;1.0;10.0;58;1;0;1
PolynomialFunctionLagrangeForm;27.0;1.0;12.0;280;1;1;2
NonSymmetricMatrixException;4.0;6.0;6.0;48;0;0;0
DefaultFieldMatrixChangingVisitor;4.0;1.0;4.0;33;1;0;1
WelzlEncloser2DTest;26.0;1.0;8.0;345;0;0;3
BrownAlmostLinearFunction;4.0;2.0;4.0;345;0;0;3
JacobiansSecondaryEquations;13.0;1.0;9.0;71;0;0;0
DimensionMismatchException;3.0;7.0;293.0;40;0;0;2
PearsonsCorrelationTest;19.0;1.0;10.0;345;0;0;3
BigFractionTest;33.0;1.0;8.0;345;0;0;3
LaguerreSolver;18.0;3.0;14.0;385;1;1;2
UnmodifiableOpenMapRealVectorTest;3.0;2.0;3.0;345;0;0;3
MedianOf3PivotingStrategy;6.0;1.0;6.0;36;1;1;2
AbstractConvexHullGenerator2D;6.0;1.0;9.0;78;1;1;2
FuzzyKMeansClustererTest;11.0;1.0;11.0;345;0;0;3
KurtosisTest;3.0;3.0;4.0;345;0;0;3
SymmetricGaussIntegrator;6.0;2.0;6.0;69;1;0;1
Stop;5.0;1.0;3.0;345;0;0;3
BardFunction;7.0;2.0;2.0;345;0;0;3
GeneticAlgorithmTestPermutations;4.0;1.0;11.0;345;0;0;3
AbstractParameterizable;9.0;1.0;6.0;48;1;0;1
NevilleInterpolatorTest;8.0;1.0;8.0;345;0;0;3
AggregatingSummaryStatistics;6.0;2.0;2.0;67;0;0;0
DifferentiableMultivariateVectorOptimizer;0;0;0;11;0;0;0
CigTab;4.0;1.0;3.0;345;0;0;3
CauchyDistribution;22.0;2.0;10.0;213;1;1;2
Tanh;3.0;1.0;8.0;24;1;1;2
HermiteRuleFactory;12.0;2.0;5.0;142;1;1;2
EdgesBuilder;18.0;1.0;18.0;114;1;1;2
BaseMultivariateVectorOptimizer;0;0;0;42;1;0;1
UnivariateMultiStartOptimizerTest;7.0;1.0;12.0;345;0;0;3
BrownAlmostLinearFunction;12.0;2.0;2.0;345;0;0;3
LocalLeastSquaresProblem;9.0;2.0;15.0;164;0;0;2
UnitSphereRandomVectorGenerator;5.0;1.0;16.0;52;1;1;2
StorelessCovarianceTest;17.0;1.0;9.0;345;0;0;3
NaturalComparator;1.0;1.0;1.0;26;0;0;0
BoundaryProjector;22.0;1.0;15.0;118;1;1;2
PolynomialCurveFitterTest;20.0;1.0;9.0;345;0;0;3
LogisticTest;17.0;1.0;10.0;345;0;0;3
InterpolatingMicrosphere;30.0;1.0;13.0;323;1;1;2
Osborne1Function;5.0;2.0;3.0;345;0;0;3
VariableHandler;7.0;1.0;4.0;345;0;0;3
BlockRealMatrixTest;138.0;1.0;20.0;345;0;0;2
RegionDumper;11.0;1.0;24.0;345;0;0;2
ChebyshevDistanceTest;2.0;1.0;2.0;345;0;0;3
NotStrictlyPositiveException;2.0;8.0;150.0;27;0;0;2
AbstractLeastSquaresOptimizerTestValidation;16.0;1.0;13.0;345;0;0;3
SimpleUnivariateValueCheckerTest;3.0;1.0;3.0;345;0;0;3
JacobianFunctionTest;4.0;1.0;4.0;345;0;0;3
Rosen;2.0;1.0;3.0;345;0;0;3
MaxIter;4.0;1.0;4.0;37;0;0;0
Well1024a;5.0;3.0;24.0;67;1;0;2
PegasusSolverTest;2.0;2.0;3.0;345;0;0;3
PointVectorValuePair;13.0;2.0;21.0;115;1;0;2
FrenchComplexFormatTest;2.0;2.0;1.0;345;0;0;3
OpenIntToDoubleHashMap;53.0;1.0;8.0;483;0;1;2
RosenbrockFunction;2.0;2.0;3.0;345;0;0;3
DfpDecTest;9.0;1.0;5.0;345;0;0;3
RecurrenceCoefficientsGenerator;0;0;0;10;1;0;1
RandomData;0;0;0;226;1;0;1
RandomCirclePointGenerator;4.0;1.0;9.0;345;0;0;3
Unserializable;1.0;1.0;1.0;345;0;0;3
PathIsExploredException;1.0;4.0;1.0;14;0;0;0
DBSCANClustererTest;11.0;1.0;5.0;345;0;0;3
SegmentsBuilder;16.0;1.0;18.0;89;0;0;2
DifferentiableUnivariateSolver;0;0;0;9;1;0;1
DummyLocalizable;4.0;1.0;1.0;30;1;0;1
Rastrigin;5.0;1.0;4.0;345;0;0;3
RiddersSolverTest;4.0;1.0;10.0;345;0;0;3
MultiKMeansPlusPlusClustererTest;4.0;1.0;6.0;345;0;0;3
StepFunctionTest;11.0;1.0;7.0;345;0;0;3
Field;0;0;0;36;1;1;2
Parametric;6.0;1.0;8.0;100;1;0;1
NoSubSpaceException;1.0;6.0;4.0;14;0;0;0
Asin;3.0;1.0;8.0;24;1;1;2
BracketingNthOrderBrentSolverDFPTest;22.0;1.0;9.0;345;0;0;3
NordsieckStepInterpolatorTest;5.0;1.0;12.0;345;0;0;3
HighamHall54FieldStepInterpolatorTest;5.0;2.0;10.0;345;0;0;3
GaussianFitterTest;12.0;1.0;5.0;345;0;0;3
UnweightedEvaluation;4.0;2.0;4.0;40;0;0;0
RRQRDecompositionTest;18.0;1.0;9.0;345;0;0;3
UnivariateObjectiveFunction;2.0;1.0;6.0;23;0;0;0
PolynomialFunctionNewtonFormTest;6.0;1.0;4.0;345;0;0;3
Iterator;12.0;1.0;3.0;86;1;0;1
FunctionUtils;108.0;1.0;55.0;695;1;1;2
StepNormalizerBounds;3.0;0;3.0;57;0;0;0
PointValuePair;8.0;2.0;32.0;94;0;0;2
Iterator;12.0;1.0;6.0;86;1;0;1
MeanTest;5.0;3.0;5.0;345;0;0;3
BetaDistribution;28.0;2.0;12.0;345;1;1;2
SecondaryComponent;1.0;1.0;3.0;22;0;0;0
ElliRotated;4.0;1.0;5.0;345;0;0;3
LegendreHighPrecisionTest;2.0;1.0;6.0;345;0;0;3
FreudensteinRothFunction;3.0;2.0;2.0;345;0;0;3
BlockFieldMatrixTest;135.0;1.0;22.0;345;0;0;2
SplineInterpolator;7.0;1.0;12.0;91;1;1;2
Decimal64Test;9.0;2.0;2.0;345;0;0;3
RandomCirclePointGenerator;4.0;1.0;9.0;345;0;0;3
ParameterGuesser;30.0;1.0;9.0;281;0;0;3
MultiDirectionalSimplex;14.0;2.0;4.0;174;1;0;1
Interval;13.0;1.0;10.0;99;1;1;2
CircleProblem;16.0;1.0;5.0;345;0;0;3
VectorialMean;14.0;1.0;6.0;73;0;0;0
IntervalsSet;70.0;2.0;23.0;565;1;0;2
EuclideanDoublePointTest;4.0;1.0;3.0;345;0;0;3
MixedListUnivariateImplTest;6.0;1.0;8.0;345;0;0;3
SsDiffPow;1.0;1.0;4.0;345;0;0;3
Well1024aTest;3.0;3.0;5.0;345;0;0;3
Min;1.0;1.0;3.0;134;1;1;2
Rosenbrock;3.0;1.0;2.0;345;0;0;3
LinearOptimizer;0;0;0;62;1;0;1
SingularOperatorException;1.0;6.0;3.0;16;0;0;0
TestException;0.0;4.0;1.0;345;0;0;3
LotteryTest;1.0;2.0;1.0;345;0;0;3
NaturalRanking;50.0;1.0;15.0;405;1;1;2
MultiStartUnivariateOptimizerTest;9.0;1.0;16.0;345;0;0;2
OldTheoreticalValuesFunction;6.0;1.0;5.0;37;0;0;0
NetworkTest;11.0;1.0;8.0;345;0;0;3
BardFunction;7.0;2.0;2.0;345;0;0;3
FiniteDifferencesDifferentiator;35.0;1.0;17.0;302;1;1;2
LowerUpperBoundMapper;3.0;1.0;5.0;25;0;0;0
StepFieldProblem;9.0;1.0;10.0;345;0;0;3
SmoothingPolynomialBicubicSplineInterpolatorTest;11.0;1.0;7.0;345;0;0;3
ExceptionContext;28.0;1.0;22.0;286;0;1;2
ConvergenceChecker;0;0;0;36;1;0;1
GeometricMeanTest;3.0;3.0;4.0;345;0;0;3
Cluster;4.0;1.0;5.0;31;0;0;0
UnivariatePointValuePair;3.0;1.0;10.0;44;0;0;0
LutherStepInterpolator;7.0;3.0;6.0;143;1;1;2
Vertex;11.0;1.0;7.0;86;0;0;0
CloseDistance;1.0;2.0;2.0;345;0;0;3
BinaryOperation;0.0;0;2.0;345;0;0;3
RegionFactory;26.0;1.0;32.0;303;1;0;2
DifferentiableMultivariateFunction;0;0;0;30;1;0;1
LegendreGaussIntegrator;14.0;2.0;10.0;210;1;1;2
Frequency;65.0;1.0;9.0;595;1;1;2
SineCosine;2.0;1.0;2.0;345;0;0;3
PlaneTest;10.0;1.0;7.0;345;0;0;3
MicrosphereInterpolatorTest;10.0;1.0;5.0;345;0;0;3
BoundaryBuilder;10.0;1.0;9.0;64;1;0;1
FacetsContributionVisitor;9.0;1.0;15.0;48;0;0;2
RotationTransform;5.0;1.0;15.0;53;0;0;2
HypergeometricDistributionTest;22.0;2.0;11.0;345;0;0;3
TestFieldProblem2;5.0;2.0;6.0;345;0;0;3
HaltonSequenceGenerator;12.0;1.0;8.0;141;1;1;2
TestFieldProblem3;5.0;2.0;10.0;345;0;0;3
SimpleBounds;3.0;1.0;6.0;55;0;0;0
TestFieldProblem1;5.0;2.0;10.0;345;0;0;3
ChiSquareTestTest;7.0;1.0;6.0;345;0;0;3
FieldVectorChangingVisitor;0;0;0;34;0;0;0
RandomGeneratorAbstractTest;77.0;2.0;23.0;345;0;0;2
ManhattanDistanceTest;2.0;1.0;2.0;345;0;0;3
RealMatrixFormat;38.0;1.0;8.0;331;0;1;1
TestFieldProblem6;5.0;2.0;7.0;345;0;0;3
SparseFieldMatrixTest;38.0;1.0;20.0;345;0;0;2
EnumeratedIntegerDistributionTest;14.0;1.0;10.0;345;0;0;3
BOBYQAOptimizer;325.0;4.0;17.0;2255;1;1;2
TestFieldProblem4;6.0;2.0;11.0;345;0;0;3
TestFieldProblem5;1.0;3.0;9.0;345;0;0;3
Transform;0;0;0;51;1;0;1
NeuronStringTest;15.0;1.0;6.0;345;0;0;3
AnovaStats;1.0;1.0;1.0;23;0;0;0
NoDataException;2.0;6.0;65.0;23;0;0;2
UnivariateFunction;0;0;0;63;1;0;1
StatisticalReferenceDatasetFactory;16.0;1.0;4.0;345;0;0;3
ThreeEighthesStepInterpolator;7.0;3.0;5.0;112;1;0;1
ConvexHullGenerator;0;0;0;23;1;0;1
ClassicalRungKuttaFieldStepInterpolatorTest;5.0;2.0;10.0;345;0;0;3
TranslationTransform;5.0;1.0;14.0;40;0;0;0
MillerUpdatingRegressionTest;76.0;1.0;9.0;345;0;0;2
JDKRandomGenerator;4.0;2.0;24.0;33;1;1;2
Tablet;4.0;1.0;3.0;345;0;0;3
Fitness;0;0;0;12;0;0;0
MeyerFunction;4.0;2.0;3.0;345;0;0;3
SimpleValueChecker;5.0;2.0;10.0;98;1;1;2
State;39.0;1.0;11.0;560;1;1;2
ChromosomePair;4.0;1.0;16.0;43;0;0;2
GeometricDistribution;19.0;2.0;7.0;146;1;1;2
SinCos;6.0;1.0;4.0;345;0;0;3
ContinuousOutputFieldModelTest;20.0;1.0;21.0;345;0;0;2
FieldMatrixPreservingVisitor;0;0;0;33;1;0;1
LeastSquaresAdapter;8.0;1.0;7.0;46;1;0;1
ComplexTest;141.0;1.0;7.0;345;0;0;2
MapUtils;28.0;1.0;14.0;264;1;1;2
Parameterizable;0;0;0;18;1;0;1
MultivariateNormalMixtureExpectationMaximizationTest;12.0;1.0;11.0;345;0;0;3
StraightLineProblem;15.0;1.0;6.0;345;0;0;3
Kurtosis;16.0;3.0;13.0;178;1;1;2
EnumeratedDistribution;24.0;1.0;15.0;221;0;1;2
CurveFitterTest;5.0;1.0;7.0;345;0;0;3
StatisticalReferenceDataset;36.0;1.0;7.0;345;0;0;3
SubArcsIterator;14.0;1.0;6.0;89;0;0;0
Rosenbrock;3.0;1.0;2.0;345;0;0;3
HarmonicFitterTest;16.0;1.0;11.0;345;0;0;3
BicubicInterpolator;7.0;1.0;9.0;77;1;1;2
EarthMoversDistanceTest;3.0;1.0;2.0;345;0;0;3
TestUtils;65.0;1.0;100.0;452;0;0;2
LeastSquaresOptimizer;0;0;0;38;1;1;2
TricubicSplineInterpolatorTest;11.0;1.0;7.0;345;0;0;3
SumSincFunction;3.0;1.0;6.0;345;0;0;3
EventFilterTest;11.0;1.0;15.0;345;0;0;2
BigFractionField;6.0;1.0;7.0;50;1;1;2
NormalizedRandomGenerator;0;0;0;16;1;0;1
FirstMomentTest;3.0;3.0;4.0;345;0;0;3
DfpMathTest;8.0;1.0;3.0;345;0;0;3
MultivariateSummaryStatistics;49.0;1.0;22.0;546;1;1;2
LUSolverTest;9.0;1.0;9.0;345;0;0;3
ExponentialDecayFunctionTest;5.0;1.0;3.0;345;0;0;3
ElitisticListPopulationTest;9.0;1.0;6.0;345;0;0;3
MathArithmeticException;5.0;5.0;63.0;48;1;0;2
TestBean;6.0;1.0;2.0;345;0;0;3
FacetData;3.0;1.0;1.0;31;0;0;0
LogisticDistribution;18.0;2.0;9.0;116;1;1;2
MultivariateJacobianFunction;0;0;0;15;1;0;1
AbstractMultivariateRealDistribution;6.0;1.0;8.0;43;1;0;1
NonPositiveDefiniteMatrixException;4.0;8.0;9.0;48;0;0;0
NodesCleaner;3.0;1.0;4.0;14;0;0;0
SparseFieldMatrix;18.0;2.0;8.0;150;1;0;1
LeastSquaresFactory;17.0;1.0;22.0;456;1;1;2
DSCompiler;185.0;1.0;11.0;1568;0;1;2
MixtureMultivariateNormalDistribution;5.0;3.0;9.0;80;0;0;0
NonMonotonicSequenceExceptionTest;1.0;1.0;4.0;345;0;0;3
Sigma;4.0;1.0;5.0;36;0;0;0
KMeansPlusPlusClusterer;62.0;2.0;20.0;401;1;1;2
AbstractLinearOptimizer;11.0;1.0;9.0;112;1;0;1
BaseMultiStartMultivariateOptimizer;17.0;3.0;14.0;192;1;0;1
FastMath;386.0;1.0;599.0;3613;0;1;2
SimplexSolver;42.0;5.0;15.0;340;1;1;2
MultivariateDifferentiableFunction;0;0;0;18;1;0;1
BSPTree;74.0;1.0;55.0;706;1;1;2
Decimal64;76.0;2.0;8.0;589;1;1;2
MultivariateFunctionMappingAdapter;13.0;1.0;11.0;241;1;1;2
BrownAlmostLinearFunction;12.0;2.0;2.0;345;0;0;3
SelectionPolicy;0;0;0;14;1;0;1
Stop;5.0;1.0;6.0;345;0;0;3
LazyHolder;0.0;1.0;1.0;7;0;0;0
RealMatrix;0;0;0;750;1;1;2
LeastSquaresConverter;13.0;1.0;7.0;155;1;0;1
FrenchVector3DFormatTest;2.0;2.0;1.0;345;0;0;3
RealVectorAbstractTest;264.0;1.0;45.0;345;0;0;2
CertifiedDataTest;9.0;1.0;2.0;345;0;0;3
GaussianRandomGeneratorTest;2.0;1.0;5.0;345;0;0;3
MidpointFieldIntegratorTest;15.0;2.0;6.0;345;0;0;3
LazyHolder;0.0;1.0;1.0;7;0;0;0
TestProblemHandler;15.0;1.0;19.0;345;0;0;2
CodyWaite;6.0;1.0;1.0;61;0;0;0
StorelessUnivariateStatistic;0;0;0;59;1;1;2
PrecisionTest;23.0;1.0;6.0;345;0;0;3
SingletonIterator;5.0;1.0;1.0;34;0;0;0
LinearRank1ZeroColsAndRowsFunction;9.0;2.0;3.0;345;0;0;3
Expm1;3.0;1.0;13.0;24;1;1;2
NaturalRankingTest;9.0;1.0;7.0;345;0;0;3
Subtract;1.0;1.0;1.0;11;1;0;1
SymmLQTest;94.0;1.0;21.0;345;0;0;2
PowellOptimizer;21.0;2.0;14.0;290;1;1;2
StorelessUnivariateStatisticAbstractTest;14.0;2.0;24.0;345;0;0;2
SingularValueDecompositionTest;24.0;1.0;7.0;345;0;0;3
Floor;1.0;1.0;4.0;11;1;1;2
MathArraysTest;94.0;1.0;18.0;345;0;0;2
HighamHall54IntegratorTest;24.0;1.0;21.0;345;0;0;2
FieldHermiteInterpolatorTest;34.0;1.0;8.0;345;0;0;3
TricubicInterpolatingFunctionTest;35.0;1.0;10.0;345;0;0;3
MonotoneChainTest;2.0;2.0;7.0;345;0;0;3
Clusterer;3.0;1.0;10.0;49;1;1;2
SummaryStatistics;62.0;1.0;44.0;668;1;1;2
SecondMoment;8.0;4.0;15.0;101;1;1;2
Euclidean3D;5.0;1.0;22.0;42;1;1;2
InitialGuess;2.0;1.0;9.0;25;0;0;0
TwoAxes;5.0;1.0;3.0;345;0;0;3
KohonenTrainingTaskTest;13.0;1.0;5.0;345;0;0;3
Max;1.0;1.0;3.0;134;1;1;2
NonPositiveDefiniteOperatorException;1.0;6.0;7.0;20;0;0;0
MidpointFieldStepInterpolatorTest;5.0;2.0;10.0;345;0;0;3
SynchronizedRandomGeneratorTest;11.0;1.0;3.0;345;0;0;3
NevilleInterpolator;1.0;1.0;7.0;33;1;0;1
TDistributionTest;16.0;2.0;5.0;345;0;0;3
DummyOptimizer;2.0;3.0;4.0;345;0;0;3
Segment;6.0;1.0;11.0;39;0;1;1
PerfectInterpolator;15.0;1.0;4.0;345;0;0;3
GeneticAlgorithm;18.0;1.0;23.0;184;0;1;2
NewtonSolverTest;5.0;1.0;9.0;345;0;0;3
MeasurementModel;0;0;0;23;1;0;1
HarmonicOscillatorTest;16.0;1.0;8.0;345;0;0;3
ElliRotated;4.0;1.0;5.0;345;0;0;3
Product;15.0;3.0;10.0;187;1;1;2
PerfTestUtils;15.0;1.0;6.0;345;0;0;3
ComplexFormatAbstractTest;32.0;1.0;5.0;345;0;0;3
ModelSpecificationException;1.0;6.0;6.0;18;0;0;0
OrderedCrossoverTest;8.0;1.0;11.0;345;0;0;3
LutherStepInterpolatorTest;5.0;1.0;11.0;345;0;0;3
PerfectStarter;4.0;2.0;7.0;345;0;0;3
MillerUpdatingRegression;150.0;1.0;9.0;1031;1;1;2
MultivariateVectorFunction;0;0;0;14;1;0;1
Vector3DFormatTest;2.0;2.0;1.0;345;0;0;3
UniformIntegerDistributionTest;10.0;2.0;4.0;345;0;0;3
Well19937c;5.0;3.0;48.0;73;1;0;2
HarmonicFitter;3.0;2.0;5.0;333;0;1;1
Box3DimensionalFunction;5.0;2.0;3.0;345;0;0;3
MaxEvalCallback;1.0;1.0;3.0;14;0;0;0
AbstractFormat;18.0;3.0;8.0;160;1;0;1
MultivariateFunction;0;0;0;22;1;0;1
SubCircleTest;6.0;1.0;15.0;345;0;0;2
CircleScalar;11.0;1.0;6.0;345;0;0;3
Well19937a;5.0;3.0;5.0;69;1;0;1
EulerIntegratorTest;17.0;1.0;20.0;345;0;0;2
Direction;2.0;0;1.0;36;0;0;0
AbstractUnivariateDifferentiableSolver;4.0;2.0;6.0;54;1;0;1
SimpleRegressionTest;48.0;1.0;10.0;345;0;0;3
ChebyshevDistance;1.0;1.0;4.0;14;1;1;2
RosenbrockFunction;3.0;2.0;2.0;345;0;0;3
WeightedObservedPoint;4.0;1.0;6.0;52;0;0;0
VectorialMeanTest;8.0;1.0;5.0;345;0;0;3
LevenbergMarquardtOptimizerTest;19.0;2.0;23.0;345;0;0;2
AllowedSolution;0.0;0;13.0;50;0;0;0
OpenMapRealVector;106.0;3.0;16.0;744;1;1;2
FractionFormatTest;24.0;1.0;7.0;345;0;0;3
SphericalCoordinatesTest;17.0;1.0;6.0;345;0;0;3
HighamHall54FieldIntegrator;12.0;4.0;14.0;160;1;1;2
RandomGeneratorFactory;16.0;1.0;5.0;86;1;1;2
ExponentialDistribution;29.0;2.0;13.0;291;1;1;2
InitialGuess;2.0;1.0;21.0;25;0;0;2
SmoothedDataHistogram;6.0;1.0;8.0;63;1;1;2
DataRow;8.0;1.0;3.0;54;0;0;0
SumTest;6.0;3.0;6.0;345;0;0;3
ConstantKernelEmpiricalDistribution;2.0;3.0;5.0;345;0;0;3
SumOfClusterVariances;5.0;2.0;7.0;37;1;0;1
MonotoneChain;21.0;2.0;7.0;134;1;1;2
StatisticalReferenceDatasetFactory;12.0;1.0;4.0;345;0;0;3
BinomialTest;15.0;1.0;9.0;128;0;0;3
BoundarySizeVisitor;7.0;1.0;7.0;38;1;0;1
EmpiricalDistributionTest;59.0;2.0;19.0;345;0;0;2
ClassicalRungeKuttaFieldIntegrator;6.0;3.0;11.0;79;1;1;2
RandomGenerator;0;0;0;117;1;1;2
ZipfDistribution;26.0;2.0;10.0;421;1;1;2
TestFieldProblemAbstract;17.0;1.0;23.0;345;0;0;2
UpdateAction;0;0;0;15;1;1;2
AVLTreeTest;17.0;1.0;3.0;345;0;0;3
PointValuePairTest;2.0;1.0;4.0;345;0;0;3
SimpleValueCheckerTest;3.0;1.0;3.0;345;0;0;3

