Resource,LCOM,LCOM*,CBO,FO,DIT,NOC,LOC,NOA,NOO,RFC,WMPC
org.jfree.chart.annotations.AbstractXYAnnotation,6,50,11,8,1,8,55,2,7,24,14
org.jfree.chart.annotations.CategoryAnnotation,,,5,5,0,2,4,0,1,1,1
org.jfree.chart.annotations.CategoryLineAnnotation,37,75,23,13,1,0,163,6,18,53,37
org.jfree.chart.annotations.CategoryTextAnnotation,0,57,14,9,2,0,109,3,9,50,21
org.jfree.chart.annotations.TextAnnotation,48,83,10,6,1,1,104,6,16,36,26
org.jfree.chart.annotations.XYAnnotation,,,5,5,0,9,6,0,1,1,1
org.jfree.chart.annotations.XYBoxAnnotation,10,39,19,12,2,0,133,7,6,46,23
org.jfree.chart.annotations.XYDrawableAnnotation,0,10,11,8,2,0,93,5,4,34,15
org.jfree.chart.annotations.XYImageAnnotation,9,33,17,12,2,0,90,3,6,39,17
org.jfree.chart.annotations.XYLineAnnotation,2,41,21,13,2,0,143,6,6,47,22
org.jfree.chart.annotations.XYPointerAnnotation,83,81,23,14,3,0,171,8,21,87,27
org.jfree.chart.annotations.XYPolygonAnnotation,8,16,22,13,2,0,120,4,5,48,21
org.jfree.chart.annotations.XYShapeAnnotation,6,18,20,14,2,0,112,4,6,51,21
org.jfree.chart.annotations.XYTextAnnotation,133,86,20,14,2,1,180,8,22,63,37
org.jfree.chart.axis.Axis,1284,94,33,23,2,13,532,21,56,169,116
org.jfree.chart.axis.AxisCollection,0,75,4,3,1,0,44,4,5,19,12
org.jfree.chart.axis.AxisLocation,2,66,1,1,1,0,68,1,4,18,17
org.jfree.chart.axis.AxisSpace,0,37,3,2,1,0,180,4,18,41,44
org.jfree.chart.axis.AxisState,28,74,3,2,1,0,56,3,11,23,17
org.jfree.chart.axis.CategoryAnchor,0,87,1,1,1,0,41,1,3,15,10
org.jfree.chart.axis.CategoryAxis,1166,90,49,32,3,3,750,11,51,270,148
org.jfree.chart.axis.CategoryAxis3D,10,,10,9,4,0,91,0,3,181,15
org.jfree.chart.axis.CategoryLabelPosition,30,78,4,4,1,0,112,6,8,26,24
org.jfree.chart.axis.CategoryLabelPositions,35,0,6,2,1,0,258,4,9,27,33
org.jfree.chart.axis.CategoryLabelWidthType,0,83,1,1,1,0,40,1,3,16,10
org.jfree.chart.axis.CategoryTick,0,50,4,3,2,0,50,3,5,26,11
org.jfree.chart.axis.ColorBar,0,75,22,13,1,0,225,6,16,73,40
org.jfree.chart.axis.CompassFormat,10,,2,2,3,0,32,0,4,61,6
org.jfree.chart.axis.CyclicNumberAxis,337,84,36,23,5,0,650,9,30,313,122
org.jfree.chart.axis.CyclicNumberAxis.CycleBoundTick,,,1,1,4,0,9,1,0,21,1
org.jfree.chart.axis.DateAxis,933,78,44,32,4,0,1030,5,44,337,144
org.jfree.chart.axis.DateAxis.DefaultTimeline,,,1,1,1,0,35,0,8,27,11
org.jfree.chart.axis.DateTick,0,0,3,2,3,0,28,1,3,26,7
org.jfree.chart.axis.DateTickMarkPosition,0,87,1,1,1,0,41,1,3,15,10
org.jfree.chart.axis.DateTickUnit,56,86,4,3,2,0,140,5,13,40,39
org.jfree.chart.axis.ExtendedCategoryAxis,0,66,10,7,4,0,51,3,6,183,11
org.jfree.chart.axis.LogarithmicAxis,194,83,15,10,5,0,526,7,24,290,106
org.jfree.chart.axis.MarkerAxisBand,0,60,23,10,1,0,122,7,6,55,18
org.jfree.chart.axis.ModuloAxis,0,38,5,3,5,0,191,3,15,263,34
org.jfree.chart.axis.MonthDateFormat,49,0,14,7,3,0,136,3,4,71,21
org.jfree.chart.axis.NumberAxis,673,85,36,28,4,5,741,6,37,296,108
org.jfree.chart.axis.NumberAxis3D,3,,11,10,5,0,48,0,1,246,8
org.jfree.chart.axis.NumberTick,0,,1,1,3,1,12,1,1,22,2
org.jfree.chart.axis.NumberTickUnit,0,0,1,1,2,0,38,1,3,25,11
org.jfree.chart.axis.PeriodAxis,788,86,42,26,4,0,686,12,46,329,127
org.jfree.chart.axis.PeriodAxisLabelInfo,48,82,15,12,1,0,155,8,14,41,33
org.jfree.chart.axis.QuarterDateFormat,9,0,8,4,3,0,53,1,3,57,11
org.jfree.chart.axis.SegmentedTimeline,798,92,12,6,1,0,631,16,43,108,81
org.jfree.chart.axis.SegmentedTimeline.BaseTimelineSegmentRange,,,0,0,3,0,6,0,0,43,1
org.jfree.chart.axis.SegmentedTimeline.Segment,196,56,2,1,1,2,152,4,27,41,36
org.jfree.chart.axis.SegmentedTimeline.SegmentRange,13,,1,0,2,1,50,1,5,47,11
org.jfree.chart.axis.StandardTickUnitSource,1,0,3,1,1,0,21,0,3,23,3
org.jfree.chart.axis.SubCategoryAxis,16,55,26,17,4,0,226,3,12,220,40
org.jfree.chart.axis.SymbolAxis,79,66,30,18,5,0,401,3,18,301,67
org.jfree.chart.axis.Tick,4,75,2,1,1,5,62,4,7,20,16
org.jfree.chart.axis.TickUnit,0,0,0,0,1,2,47,1,5,19,13
org.jfree.chart.axis.TickUnits,0,0,6,2,1,0,66,1,8,34,15
org.jfree.chart.axis.TickUnitSource,,,1,1,0,2,5,0,3,3,3
org.jfree.chart.axis.Timeline,,,1,1,0,2,9,0,7,7,7
org.jfree.chart.axis.ValueAxis,2760,94,39,30,3,8,976,19,79,281,203
org.jfree.chart.axis.ValueTick,0,0,1,1,2,3,25,1,2,20,6
org.jfree.chart.block.AbstractContentBlock,446,82,17,13,1,50,253,9,39,106,63
org.jfree.chart.block.ACIUtilities,229,75,20,14,1,0,449,4,22,86,72
org.jfree.chart.block.Arrangement,,,6,6,0,8,8,0,3,3,3
org.jfree.chart.block.ArrangeParams,16,87,6,5,1,0,58,4,7,27,14
org.jfree.chart.block.ArrangeResult,0,56,2,2,1,0,46,2,10,24,13
org.jfree.chart.block.AttributedLabelBlock,10,70,23,14,2,0,75,5,7,97,13
org.jfree.chart.block.Block,,,6,6,0,53,10,0,7,8,7
org.jfree.chart.block.BlockBorder,19,40,12,7,1,0,89,2,6,36,21
org.jfree.chart.block.BlockContainer,45,42,21,17,2,0,224,2,20,138,52
org.jfree.chart.block.BlockHeightCalculator,,,1,1,0,0,4,0,2,2,2
org.jfree.chart.block.BlockPanel,0,75,20,13,5,0,54,2,3,476,8
org.jfree.chart.block.BlockParams,3,80,0,0,1,0,28,3,6,18,7
org.jfree.chart.block.BlockResult,0,0,1,1,1,0,12,1,2,14,3
org.jfree.chart.block.BlockSizeCalculatorList,,,2,2,0,1,3,0,1,1,1
org.jfree.chart.block.BlockWidthCalculator,,,1,1,0,0,4,0,2,2,2
org.jfree.chart.block.BorderArrangement,15,0,12,10,1,0,397,5,9,56,66
org.jfree.chart.block.CenterArrangement,78,,14,11,1,0,192,0,12,55,42
org.jfree.chart.block.CharterAttributedCharacterIterator,0,89,10,8,1,0,140,7,23,73,31
org.jfree.chart.block.ColorBlock,4,,7,6,2,0,30,1,3,79,5
org.jfree.chart.block.ColumnArrangement,46,58,16,11,1,0,238,4,10,65,49
org.jfree.chart.block.ContentBlock,,,2,2,0,51,16,0,13,21,13
org.jfree.chart.block.EmptyBlock,10,,5,5,2,0,30,0,4,79,6
org.jfree.chart.block.EntityBlockParams,,,0,0,0,1,3,0,1,1,1
org.jfree.chart.block.EntityBlockResult,,,1,1,0,1,3,0,1,1,1
org.jfree.chart.block.FlowArrangement,79,50,14,11,1,0,238,4,12,53,46
org.jfree.chart.block.GridArrangement,16,0,12,10,1,0,145,2,8,49,33
org.jfree.chart.block.LabelBlock,114,70,27,16,2,0,275,5,18,126,55
org.jfree.chart.block.LengthConstraintType,0,83,1,1,1,0,44,1,4,17,11
org.jfree.chart.block.Message,0,50,1,1,1,0,17,2,3,14,4
org.jfree.chart.block.RectangleConstraint,0,54,3,3,1,0,211,6,16,33,49
org.jfree.chart.ChartColor,1,,0,0,2,0,67,0,1,40,2
org.jfree.chart.ChartFactory,,,101,56,1,0,1044,0,34,176,129
org.jfree.chart.ChartFrame,1,,3,2,6,0,20,1,1,445,4
org.jfree.chart.ChartMouseEvent,0,100,3,3,2,0,22,3,3,16,4
org.jfree.chart.ChartMouseListener,,,1,1,0,0,4,0,2,2,2
org.jfree.chart.ChartPanel,3577,96,50,39,5,1,1251,47,91,677,211
org.jfree.chart.ChartRenderingInfo,11,65,10,6,1,0,78,4,12,33,20
org.jfree.chart.ChartUtilities,,,22,11,1,0,299,0,26,65,43
org.jfree.chart.ClipPath,162,90,14,7,1,0,155,9,21,46,32
org.jfree.chart.demo.BarChartDemo1,,,20,9,7,0,85,0,3,483,4
org.jfree.chart.demo.PieChartDemo1,,,10,5,7,0,41,0,4,472,5
org.jfree.chart.demo.TimeSeriesChartDemo1,,,23,10,7,0,95,0,4,488,6
org.jfree.chart.DrawableLegendItem,112,91,4,4,1,0,64,8,16,27,17
org.jfree.chart.Effect3D,,,0,0,0,4,4,0,2,2,2
org.jfree.chart.encoders.EncoderUtil,,,5,4,1,0,50,0,8,25,8
org.jfree.chart.encoders.ImageEncoder,,,3,3,0,3,9,0,6,6,6
org.jfree.chart.encoders.ImageEncoderFactory,9,0,2,2,1,0,60,1,6,26,7
org.jfree.chart.encoders.ImageFormat,,,0,0,0,0,5,0,0,0,0
org.jfree.chart.encoders.KeypointPNGEncoderAdapter,0,40,4,4,1,0,36,2,6,27,9
org.jfree.chart.encoders.SunJPEGEncoderAdapter,19,0,7,4,1,0,31,1,6,27,9
org.jfree.chart.encoders.SunPNGEncoderAdapter,,,7,4,1,0,27,0,6,27,8
org.jfree.chart.entity.CategoryItemEntity,5,75,3,2,2,0,64,4,10,35,16
org.jfree.chart.entity.ChartEntity,73,63,12,8,1,7,165,3,16,50,40
org.jfree.chart.entity.ContourEntity,9,0,1,1,2,0,33,1,4,28,9
org.jfree.chart.entity.EntityCollection,,,3,3,0,1,10,0,8,8,8
org.jfree.chart.entity.LegendItemEntity,4,0,1,1,2,0,30,1,4,28,8
org.jfree.chart.entity.PieSectionEntity,7,78,2,2,2,0,47,4,9,33,10
org.jfree.chart.entity.StandardEntityCollection,0,0,8,4,1,0,55,1,10,41,16
org.jfree.chart.entity.TickLabelEntity,,,1,1,2,0,7,0,0,24,1
org.jfree.chart.entity.XYAnnotationEntity,0,0,1,1,2,0,32,1,3,27,8
org.jfree.chart.entity.XYItemEntity,8,72,2,2,2,0,52,3,8,32,13
org.jfree.chart.event.AxisChangeEvent,0,,1,1,3,0,10,1,1,18,2
org.jfree.chart.event.AxisChangeListener,,,1,1,0,19,3,0,1,1,1
org.jfree.chart.event.ChartChangeEvent,9,66,2,2,2,4,28,2,4,17,7
org.jfree.chart.event.ChartChangeEventType,0,83,1,1,1,0,44,1,4,17,11
org.jfree.chart.event.ChartChangeListener,,,1,1,0,21,3,0,1,1,1
org.jfree.chart.event.ChartProgressEvent,7,80,1,1,2,0,31,3,6,19,7
org.jfree.chart.event.ChartProgressListener,,,1,1,0,2,3,0,1,1,1
org.jfree.chart.event.PlotChangeEvent,0,,1,1,3,0,10,1,1,18,2
org.jfree.chart.event.PlotChangeListener,,,1,1,0,6,3,0,1,1,1
org.jfree.chart.event.RendererChangeEvent,0,,0,0,3,0,10,1,1,18,2
org.jfree.chart.event.RendererChangeListener,,,1,1,0,9,3,0,1,1,1
org.jfree.chart.event.TitleChangeEvent,0,,1,1,3,0,10,1,1,18,2
org.jfree.chart.event.TitleChangeListener,,,1,1,0,1,3,0,1,1,1
org.jfree.chart.imagemap.DynamicDriveToolTipTagFragmentGenerator,1,,0,0,1,0,17,2,1,13,3
org.jfree.chart.imagemap.ImageMapUtilities,,,11,7,1,0,75,0,5,35,10
org.jfree.chart.imagemap.OverLIBToolTipTagFragmentGenerator,,,0,0,1,0,7,0,1,13,1
org.jfree.chart.imagemap.StandardToolTipTagFragmentGenerator,,,0,0,1,0,6,0,1,13,1
org.jfree.chart.imagemap.StandardURLTagFragmentGenerator,,,0,0,1,0,6,0,1,13,1
org.jfree.chart.imagemap.ToolTipTagFragmentGenerator,,,0,0,0,3,3,0,1,1,1
org.jfree.chart.imagemap.URLTagFragmentGenerator,,,0,0,0,1,3,0,1,1,1
org.jfree.chart.JFreeChart,1450,90,59,42,2,0,609,11,58,225,127
org.jfree.chart.JFreeChartInfo,,,8,4,5,0,113,0,1,50,4
org.jfree.chart.labels.AbstractCategoryItemLabelGenerator,1,73,9,3,1,5,117,5,9,35,27
org.jfree.chart.labels.AbstractPieItemLabelGenerator,0,61,6,2,1,2,90,3,7,28,21
org.jfree.chart.labels.AbstractXYItemLabelGenerator,16,78,7,3,1,4,135,7,9,36,29
org.jfree.chart.labels.BoxAndWhiskerToolTipGenerator,6,,6,3,3,0,43,0,2,35,7
org.jfree.chart.labels.BoxAndWhiskerXYToolTipGenerator,6,,7,4,3,0,51,0,2,41,8
org.jfree.chart.labels.CategoryItemLabelGenerator,,,1,1,0,2,5,0,3,3,3
org.jfree.chart.labels.CategorySeriesLabelGenerator,,,1,1,0,1,3,0,1,1,1
org.jfree.chart.labels.CategoryToolTipGenerator,,,1,1,0,3,3,0,1,1,1
org.jfree.chart.labels.ContourToolTipGenerator,,,1,1,0,1,3,0,1,1,1
org.jfree.chart.labels.CustomXYToolTipGenerator,8,0,3,2,1,0,70,1,7,26,18
org.jfree.chart.labels.HighLowItemLabelGenerator,3,0,6,5,1,0,88,2,4,36,20
org.jfree.chart.labels.IntervalCategoryItemLabelGenerator,6,,7,4,3,0,46,0,1,33,9
org.jfree.chart.labels.IntervalCategoryToolTipGenerator,6,,7,4,3,0,46,0,1,31,9
org.jfree.chart.labels.ItemLabelAnchor,0,98,1,1,1,0,152,1,3,15,32
org.jfree.chart.labels.ItemLabelPosition,10,75,2,2,1,0,71,4,5,19,17
org.jfree.chart.labels.MultipleXYSeriesLabelGenerator,24,67,8,4,1,0,82,3,7,35,17
org.jfree.chart.labels.PieSectionLabelGenerator,,,2,2,0,1,5,0,2,2,2
org.jfree.chart.labels.PieToolTipGenerator,,,1,1,0,1,3,0,1,1,1
org.jfree.chart.labels.StandardCategoryItemLabelGenerator,6,,3,3,2,1,21,0,1,26,4
org.jfree.chart.labels.StandardCategorySeriesLabelGenerator,13,,3,1,1,0,44,1,4,20,11
org.jfree.chart.labels.StandardCategoryToolTipGenerator,6,,3,3,2,2,22,0,1,24,4
org.jfree.chart.labels.StandardContourToolTipGenerator,0,0,8,3,1,0,47,1,2,28,7
org.jfree.chart.labels.StandardPieSectionLabelGenerator,30,0,5,4,2,0,49,1,6,32,12
org.jfree.chart.labels.StandardPieToolTipGenerator,10,,2,2,2,0,32,0,2,24,5
org.jfree.chart.labels.StandardXYItemLabelGenerator,21,,3,3,2,0,44,0,3,26,9
org.jfree.chart.labels.StandardXYSeriesLabelGenerator,22,66,5,3,1,0,58,2,7,27,14
org.jfree.chart.labels.StandardXYToolTipGenerator,26,,3,3,2,2,50,0,4,29,10
org.jfree.chart.labels.StandardXYZToolTipGenerator,14,33,8,4,3,0,99,2,6,42,19
org.jfree.chart.labels.SymbolicXYItemLabelGenerator,10,,6,2,1,0,54,0,5,29,11
org.jfree.chart.labels.XYItemLabelGenerator,,,1,1,0,3,3,0,1,1,1
org.jfree.chart.labels.XYSeriesLabelGenerator,,,2,2,0,2,5,0,2,2,2
org.jfree.chart.labels.XYToolTipGenerator,,,1,1,0,7,3,0,1,1,1
org.jfree.chart.labels.XYZToolTipGenerator,,,1,1,0,1,3,0,1,2,1
org.jfree.chart.LegendItem,204,89,14,8,1,0,305,16,20,53,56
org.jfree.chart.LegendItemCollection,0,0,5,3,1,0,38,1,7,25,11
org.jfree.chart.LegendItemSource,,,1,1,0,66,3,0,1,1,1
org.jfree.chart.LegendRenderingOrder,0,83,1,1,1,0,36,1,3,15,9
org.jfree.chart.needle.ArrowNeedle,0,0,10,6,2,1,63,1,3,48,11
org.jfree.chart.needle.LineNeedle,3,,7,5,2,0,31,0,3,44,7
org.jfree.chart.needle.LongNeedle,6,,9,5,2,0,77,0,3,53,12
org.jfree.chart.needle.MeterNeedle,172,82,18,11,1,9,151,8,23,56,40
org.jfree.chart.needle.MiddlePinNeedle,3,,11,6,2,0,46,0,3,49,8
org.jfree.chart.needle.PinNeedle,3,,11,6,2,0,46,0,3,49,8
org.jfree.chart.needle.PlumNeedle,3,,8,5,2,0,38,0,3,49,7
org.jfree.chart.needle.PointerNeedle,3,,9,4,2,0,57,0,3,53,10
org.jfree.chart.needle.ShipNeedle,3,,10,4,2,0,38,0,3,48,7
org.jfree.chart.needle.WindNeedle,3,,4,3,3,0,37,0,2,42,7
org.jfree.chart.NestedGrid,129,64,15,12,2,0,348,3,22,122,84
org.jfree.chart.NestedGridArrangement,0,0,10,8,1,0,77,1,5,33,22
org.jfree.chart.NestedGridKey,4,100,0,0,1,0,28,3,3,15,7
org.jfree.chart.plot.AxisPlotArrangement,37,81,17,13,1,0,185,9,10,56,36
org.jfree.chart.plot.CategoryMarker,9,50,5,2,2,0,45,2,4,42,12
org.jfree.chart.plot.CategoryPlot,10574,96,67,49,3,2,1591,37,150,406,388
org.jfree.chart.plot.CategoryPlotWrapper,17,71,12,10,1,0,103,3,10,51,26
org.jfree.chart.plot.CombinedDomainCategoryPlot,14,66,24,15,4,0,303,4,19,349,65
org.jfree.chart.plot.CombinedDomainXYPlot,69,61,21,14,4,0,209,3,20,338,52
org.jfree.chart.plot.CombinedRangeCategoryPlot,1,65,29,18,4,0,275,4,17,343,60
org.jfree.chart.plot.CombinedRangeXYPlot,65,71,26,17,4,0,229,4,21,350,54
org.jfree.chart.plot.CompassPlot,329,92,40,19,3,0,395,15,29,209,86
org.jfree.chart.plot.ContourPlot,2926,96,57,38,3,0,905,26,78,303,176
org.jfree.chart.plot.ContourPlotUtilities,,,3,2,1,0,7,0,1,13,1
org.jfree.chart.plot.ContourValuePlot,,,1,1,0,1,3,0,1,1,1
org.jfree.chart.plot.CrosshairState,19,78,2,2,1,0,74,7,9,23,17
org.jfree.chart.plot.DatasetRenderingOrder,0,83,1,1,1,0,36,1,3,15,9
org.jfree.chart.plot.DefaultDrawingSupplier,53,71,13,6,1,0,240,10,13,45,42
org.jfree.chart.plot.DialShape,0,87,1,1,1,0,38,1,3,15,10
org.jfree.chart.plot.DrawingSupplier,,,3,3,0,1,7,0,5,5,5
org.jfree.chart.plot.FastScatterPlot,462,88,39,27,3,0,396,13,38,218,86
org.jfree.chart.plot.IntervalMarker,8,66,7,3,2,0,61,3,6,45,14
org.jfree.chart.plot.JThermometer,4,75,19,10,5,0,127,4,24,511,33
org.jfree.chart.plot.Marker,297,89,15,10,1,3,207,12,28,52,55
org.jfree.chart.plot.MeterInterval,1,68,11,6,1,0,78,5,8,31,19
org.jfree.chart.plot.MeterPlot,1051,92,50,34,3,0,627,18,52,250,121
org.jfree.chart.plot.MultiplePiePlot,79,75,47,26,3,0,294,7,20,208,59
org.jfree.chart.plot.PieLabelDistributor,0,38,4,2,1,0,122,2,11,38,30
org.jfree.chart.plot.PieLabelRecord,47,91,1,1,1,0,74,8,14,26,18
org.jfree.chart.plot.PiePlot,4504,95,67,44,3,2,1152,42,102,369,216
org.jfree.chart.plot.PiePlot3D,30,0,38,25,4,0,681,1,7,302,73
org.jfree.chart.plot.PiePlotState,182,94,2,2,2,0,77,10,20,33,21
org.jfree.chart.plot.Plot,1037,89,42,26,2,18,424,11,49,164,106
org.jfree.chart.plot.PlotOrientation,0,83,1,1,1,0,37,1,3,15,9
org.jfree.chart.plot.PlotRenderingInfo,27,72,12,7,1,0,80,4,13,34,21
org.jfree.chart.plot.PlotState,0,,2,1,1,0,9,1,1,13,2
org.jfree.chart.plot.PolarPlot,1093,92,50,32,3,0,548,15,53,271,114
org.jfree.chart.plot.RingPlot,55,76,36,19,4,0,247,6,17,285,45
org.jfree.chart.plot.SeriesRenderingOrder,0,83,1,1,1,0,36,1,3,15,9
org.jfree.chart.plot.SpiderWebPlot,1548,94,57,38,3,0,673,24,61,276,140
org.jfree.chart.plot.ThermometerPlot,1866,95,47,30,3,0,722,24,66,278,149
org.jfree.chart.plot.ValueAxisPlot,,,2,2,0,10,3,0,1,1,1
org.jfree.chart.plot.ValueMarker,0,0,2,2,2,0,34,1,2,39,9
org.jfree.chart.plot.WaferMapPlot,67,73,28,20,3,0,225,4,11,168,34
org.jfree.chart.plot.XYPlot,13524,96,64,47,3,2,2041,45,170,435,470
org.jfree.chart.plot.XYPlotWrapper,7,71,11,10,2,0,101,3,9,92,25
org.jfree.chart.plot.Zoomable,,,3,3,0,9,13,0,7,7,7
org.jfree.chart.PolarChartPanel,19,0,8,6,6,0,101,0,5,566,18
org.jfree.chart.renderer.AbstractRenderer,10573,96,32,22,1,47,1273,44,150,213,322
org.jfree.chart.renderer.AreaRendererEndType,0,87,1,1,1,0,42,1,3,15,10
org.jfree.chart.renderer.category.AbstractCategoryItemRenderer,1111,91,48,36,2,20,746,15,50,429,134
org.jfree.chart.renderer.category.AreaRenderer,3,0,22,16,3,1,139,1,5,369,22
org.jfree.chart.renderer.category.BarRenderer,414,92,35,22,3,9,518,11,32,428,102
org.jfree.chart.renderer.category.BarRenderer3D,57,62,41,25,4,1,399,3,13,435,39
org.jfree.chart.renderer.category.BoxAndWhiskerRenderer,87,60,43,29,3,0,527,3,18,430,68
org.jfree.chart.renderer.category.CategoryItemRenderer,,,21,21,0,21,181,0,131,132,131
org.jfree.chart.renderer.category.CategoryItemRendererState,0,66,1,1,2,0,21,2,4,17,5
org.jfree.chart.renderer.category.CategoryStepRenderer,9,83,12,9,3,0,110,2,5,358,19
org.jfree.chart.renderer.category.DefaultCategoryItemRenderer,,,0,0,4,0,4,0,0,378,0
org.jfree.chart.renderer.category.GanttRenderer,42,85,24,16,5,0,344,4,11,409,49
org.jfree.chart.renderer.category.GroupedStackedBarRenderer,0,0,29,17,5,0,231,1,6,427,33
org.jfree.chart.renderer.category.IntervalBarRenderer,3,,24,16,4,1,150,0,2,396,18
org.jfree.chart.renderer.category.LayeredBarRenderer,15,0,27,17,4,0,298,1,6,413,53
org.jfree.chart.renderer.category.LevelRenderer,56,50,25,17,3,0,201,2,12,383,34
org.jfree.chart.renderer.category.LineAndShapeRenderer,574,89,23,15,3,3,377,12,38,402,85
org.jfree.chart.renderer.category.LineRenderer3D,24,62,33,19,4,0,339,3,12,438,36
org.jfree.chart.renderer.category.MinMaxCategoryRenderer,83,84,35,21,3,0,215,9,17,391,38
org.jfree.chart.renderer.category.StackedAreaRenderer,6,,16,13,4,0,98,0,3,362,12
org.jfree.chart.renderer.category.StackedBarRenderer,6,0,25,15,4,1,190,1,7,408,33
org.jfree.chart.renderer.category.StackedBarRenderer3D,13,0,24,14,5,0,223,1,7,429,39
org.jfree.chart.renderer.category.StatisticalBarRenderer,0,0,21,15,4,0,269,1,8,402,38
org.jfree.chart.renderer.category.StatisticalLineAndShapeRenderer,0,0,29,19,4,0,197,1,6,417,34
org.jfree.chart.renderer.category.WaterfallBarRenderer,21,60,30,18,4,0,269,4,13,415,46
org.jfree.chart.renderer.DefaultPolarItemRenderer,37,66,28,19,2,0,139,2,9,218,19
org.jfree.chart.renderer.NotOutlierException,,,0,0,3,0,5,0,0,22,1
org.jfree.chart.renderer.Outlier,27,62,1,1,1,0,49,2,9,24,12
org.jfree.chart.renderer.OutlierList,20,77,5,3,1,0,48,3,8,30,11
org.jfree.chart.renderer.OutlierListCollection,18,80,5,4,1,0,49,3,7,29,12
org.jfree.chart.renderer.PolarItemRenderer,,,9,9,0,1,22,0,8,8,8
org.jfree.chart.renderer.RendererState,0,0,3,3,1,8,19,1,2,15,5
org.jfree.chart.renderer.WaferMapRenderer,39,76,16,11,2,0,188,4,12,198,45
org.jfree.chart.renderer.xy.AbstractXYItemRenderer,1107,93,52,41,2,23,751,14,49,432,128
org.jfree.chart.renderer.xy.CandlestickRenderer,174,89,32,22,3,0,363,10,22,410,61
org.jfree.chart.renderer.xy.ClusteredXYBarRenderer,4,0,21,15,4,0,136,1,3,388,21
org.jfree.chart.renderer.xy.CyclicXYItemRenderer,10,,12,15,4,0,249,0,1,385,36
org.jfree.chart.renderer.xy.CyclicXYItemRenderer.OverwriteDataSet,63,77,3,3,1,0,59,3,13,32,17
org.jfree.chart.renderer.xy.DefaultXYItemRenderer,,,0,0,4,0,4,0,0,389,0
org.jfree.chart.renderer.xy.HighLowRenderer,21,68,27,20,3,0,221,4,13,386,46
org.jfree.chart.renderer.xy.SignalRenderer,18,66,23,16,3,0,136,3,8,370,16
org.jfree.chart.renderer.xy.StackedXYAreaRenderer,86,33,34,26,4,0,318,2,13,414,53
org.jfree.chart.renderer.xy.StackedXYAreaRenderer.StackedXYAreaRendererState,8,87,4,4,3,0,34,4,7,21,8
org.jfree.chart.renderer.xy.StackedXYAreaRenderer2,36,,21,17,4,0,238,0,7,381,26
org.jfree.chart.renderer.xy.StackedXYBarRenderer,10,,22,15,4,0,161,0,3,388,25
org.jfree.chart.renderer.xy.StandardXYItemRenderer,451,89,40,29,3,1,451,11,31,423,93
org.jfree.chart.renderer.xy.StandardXYItemRenderer.State,1,0,2,2,3,0,13,2,2,15,3
org.jfree.chart.renderer.xy.WindItemRenderer,3,,17,13,3,0,76,0,2,360,3
org.jfree.chart.renderer.xy.XYAreaRenderer,70,80,33,25,3,1,343,5,14,396,59
org.jfree.chart.renderer.xy.XYAreaRenderer.XYAreaRendererState,,,3,3,3,0,9,2,0,14,1
org.jfree.chart.renderer.xy.XYAreaRenderer2,28,76,31,23,3,1,232,3,10,388,31
org.jfree.chart.renderer.xy.XYBarRenderer,109,82,37,27,3,2,312,6,20,409,55
org.jfree.chart.renderer.xy.XYBarRenderer.XYBarRendererState,1,0,1,1,3,0,12,1,2,15,3
org.jfree.chart.renderer.xy.XYBoxAndWhiskerRenderer,128,70,38,27,3,0,419,4,19,421,65
org.jfree.chart.renderer.xy.XYBubbleRenderer,13,100,26,21,3,0,165,1,4,371,27
org.jfree.chart.renderer.xy.XYDifferenceRenderer,177,65,33,22,3,0,562,4,21,398,86
org.jfree.chart.renderer.xy.XYDotRenderer,3,,11,10,3,0,49,0,2,352,6
org.jfree.chart.renderer.xy.XYItemRenderer,,,22,22,0,24,194,0,132,133,132
org.jfree.chart.renderer.xy.XYItemRendererState,,,2,2,2,5,7,1,0,13,1
org.jfree.chart.renderer.xy.XYLine3DRenderer,48,80,5,3,4,0,66,3,11,408,14
org.jfree.chart.renderer.xy.XYLineAndShapeRenderer,1102,91,32,23,3,3,561,14,50,435,114
org.jfree.chart.renderer.xy.XYLineAndShapeRenderer.State,1,0,2,2,3,0,13,2,2,15,3
org.jfree.chart.renderer.xy.XYStepAreaRenderer,112,91,23,17,3,0,266,6,14,382,53
org.jfree.chart.renderer.xy.XYStepRenderer,6,,21,18,4,0,115,0,2,409,18
org.jfree.chart.renderer.xy.YIntervalRenderer,3,,22,18,3,0,80,0,2,362,10
org.jfree.chart.resources.JFreeChartResources,,,0,0,3,0,12,0,1,34,1
org.jfree.chart.servlet.ChartDeleter,4,0,5,4,1,0,28,1,4,27,7
org.jfree.chart.servlet.DisplayChart,,,9,7,3,0,50,0,2,61,11
org.jfree.chart.servlet.ServletUtilities,69,40,20,10,1,0,168,2,14,66,35
org.jfree.chart.StandardArrangement,19,,23,18,1,0,194,1,6,64,39
org.jfree.chart.title.ACITextTitle,74,69,25,17,3,0,256,4,17,154,53
org.jfree.chart.title.AttributedTextTitle,109,69,30,20,3,0,307,5,19,159,67
org.jfree.chart.title.CompositeTitle,36,0,9,7,3,0,74,1,10,121,18
org.jfree.chart.title.DateTitle,10,,10,7,4,0,36,0,1,125,5
org.jfree.chart.title.ImageTitle,61,50,15,11,3,0,178,3,11,131,28
org.jfree.chart.title.LegendGraphic,366,86,19,14,2,0,308,13,35,141,77
org.jfree.chart.title.LegendTitle,279,88,29,19,3,0,309,11,28,191,63
org.jfree.chart.title.TextTitle,16,44,36,23,3,1,406,4,21,174,89
org.jfree.chart.title.Title,487,85,19,18,2,7,293,7,32,125,72
org.jfree.chart.ui.AxisPropertyEditPanel,98,96,26,13,5,2,196,15,16,518,27
org.jfree.chart.ui.ChartPropertyEditPanel,10,88,23,14,5,0,141,5,7,494,10
org.jfree.chart.ui.ColorBarPropertyEditPanel,0,79,18,8,7,0,96,7,4,514,10
org.jfree.chart.ui.ColorPalette,179,82,5,3,1,2,210,10,25,49,53
org.jfree.chart.ui.GreyPalette,1,,0,0,2,0,24,0,1,37,3
org.jfree.chart.ui.NumberAxisPropertyEditPanel,18,83,23,12,6,1,175,10,12,514,26
org.jfree.chart.ui.PaletteChooserPanel,0,,7,3,5,0,15,1,1,460,2
org.jfree.chart.ui.PaletteSample,1,66,12,7,4,0,51,2,5,460,8
org.jfree.chart.ui.PlotPropertyEditPanel,57,94,38,26,5,0,376,15,14,533,68
org.jfree.chart.ui.RainbowPalette,1,,0,0,2,0,112,3,1,38,2
org.jfree.chart.ui.TitlePropertyEditPanel,15,90,24,14,5,0,135,9,9,501,19
org.jfree.chart.urls.CategoryURLGenerator,,,1,1,0,1,3,0,1,1,1
org.jfree.chart.urls.CustomPieURLGenerator,0,0,7,5,1,0,83,1,7,35,20
org.jfree.chart.urls.CustomXYURLGenerator,9,0,3,3,1,0,73,1,6,25,21
org.jfree.chart.urls.PieURLGenerator,,,1,1,0,2,3,0,1,1,1
org.jfree.chart.urls.StandardCategoryURLGenerator,1,0,4,1,1,0,82,3,4,23,20
org.jfree.chart.urls.StandardPieURLGenerator,0,34,1,1,1,0,54,3,2,17,11
org.jfree.chart.urls.StandardXYURLGenerator,2,0,2,1,1,1,62,3,2,17,14
org.jfree.chart.urls.StandardXYZURLGenerator,,,2,1,2,0,6,0,1,16,1
org.jfree.chart.urls.TimeSeriesURLGenerator,1,,4,2,1,0,33,4,1,20,6
org.jfree.chart.urls.XYURLGenerator,,,1,1,0,5,3,0,1,1,1
org.jfree.chart.urls.XYZURLGenerator,,,1,1,0,1,3,0,1,2,1
org.jfree.data.category.CategoryDataset,,,0,0,0,12,2,0,0,14,0
org.jfree.data.category.CategoryToPieDataset,0,26,6,4,2,0,85,3,7,49,23
org.jfree.data.category.DefaultCategoryDataset,0,0,2,2,2,2,125,1,23,81,34
org.jfree.data.category.DefaultIntervalCategoryDataset,345,77,6,2,3,0,286,4,27,82,67
org.jfree.data.category.IntervalCategoryDataset,,,0,0,0,3,6,0,4,18,4
org.jfree.data.contour.ContourDataset,,,1,1,0,2,11,0,9,17,9
org.jfree.data.contour.DefaultContourDataset,191,82,4,3,5,1,210,6,24,94,55
org.jfree.data.contour.NonGridContourDataset,10,,1,1,6,0,106,0,2,87,18
org.jfree.data.DataUtilities,,,4,3,1,0,67,0,5,27,18
org.jfree.data.DefaultKeyedValue,0,37,0,0,1,0,47,2,6,20,15
org.jfree.data.DefaultKeyedValues,21,0,14,6,1,0,141,1,17,54,36
org.jfree.data.DefaultKeyedValues2D,19,56,8,3,1,0,227,4,21,71,54
org.jfree.data.DomainInfo,,,1,1,0,8,5,0,3,3,3
org.jfree.data.DomainOrder,0,83,1,1,1,0,43,1,4,17,11
org.jfree.data.function.Function2D,,,0,0,0,3,3,0,1,1,1
org.jfree.data.function.LineFunction2D,0,,0,0,1,0,11,2,1,13,2
org.jfree.data.function.NormalDistributionFunction2D,0,50,0,0,1,0,19,2,3,17,4
org.jfree.data.function.PowerFunction2D,0,,0,0,1,0,11,2,1,14,2
org.jfree.data.gantt.GanttCategoryDataset,,,0,0,0,1,15,0,10,28,10
org.jfree.data.gantt.Task,45,75,6,3,1,0,85,4,13,34,24
org.jfree.data.gantt.TaskSeries,0,0,4,2,2,0,59,1,8,46,16
org.jfree.data.gantt.TaskSeriesCollection,214,47,10,6,3,0,279,2,35,122,66
org.jfree.data.general.AbstractDataset,18,57,11,10,1,38,66,2,11,40,15
org.jfree.data.general.AbstractSeriesDataset,10,,1,1,2,25,23,0,4,33,7
org.jfree.data.general.CombinationDataset,,,1,1,0,2,4,0,2,2,2
org.jfree.data.general.CombinedDataset,405,0,5,3,5,0,229,1,28,103,54
org.jfree.data.general.CombinedDataset.DatasetInfo,,,1,1,1,0,8,2,0,11,1
org.jfree.data.general.Dataset,,,2,2,0,61,6,0,4,4,4
org.jfree.data.general.DatasetChangeEvent,0,,1,1,2,0,10,1,1,14,2
org.jfree.data.general.DatasetChangeListener,,,1,1,0,23,3,0,1,1,1
org.jfree.data.general.DatasetGroup,0,0,0,0,1,0,33,1,3,16,9
org.jfree.data.general.DatasetUtilities,,,25,20,1,0,853,0,39,110,197
org.jfree.data.general.DefaultKeyedValueDataset,3,0,3,0,2,0,69,1,7,38,20
org.jfree.data.general.DefaultKeyedValues2DDataset,,,0,0,3,0,5,0,0,58,0
org.jfree.data.general.DefaultKeyedValuesDataset,,,0,0,3,0,4,0,0,44,0
org.jfree.data.general.DefaultPieDataset,0,0,3,2,2,2,100,1,12,59,27
org.jfree.data.general.DefaultValueDataset,1,0,2,0,2,0,39,1,4,34,11
org.jfree.data.general.KeyedValueDataset,,,0,0,0,1,2,0,0,6,0
org.jfree.data.general.KeyedValues2DDataset,,,0,0,0,1,2,0,0,14,0
org.jfree.data.general.KeyedValuesDataset,,,0,0,0,1,2,0,0,10,0
org.jfree.data.general.PieDataset,,,0,0,0,5,2,0,0,10,0
org.jfree.data.general.Series,63,80,6,5,1,6,114,5,16,40,29
org.jfree.data.general.SeriesChangeEvent,,,0,0,2,0,6,0,0,13,1
org.jfree.data.general.SeriesChangeListener,,,1,1,0,28,3,0,1,1,1
org.jfree.data.general.SeriesDataset,,,0,0,0,37,5,0,3,3,3
org.jfree.data.general.SeriesException,,,0,0,4,0,6,0,0,22,1
org.jfree.data.general.SubSeriesDataset,0,8,0,0,5,0,150,2,23,93,36
org.jfree.data.general.ValueDataset,,,0,0,0,1,2,0,0,5,0
org.jfree.data.general.WaferMapDataset,121,87,3,2,2,0,105,6,17,56,29
org.jfree.data.io.CSV,7,75,7,6,1,0,89,2,4,28,16
org.jfree.data.jdbc.JDBCCategoryDataset,9,66,9,6,3,0,127,2,4,80,21
org.jfree.data.jdbc.JDBCPieDataset,3,0,9,6,3,0,93,1,3,65,14
org.jfree.data.jdbc.JDBCXYDataset,130,83,12,7,4,0,250,6,16,89,49
org.jfree.data.KeyedObject,0,50,1,0,1,0,42,2,5,18,11
org.jfree.data.KeyedObjects,6,0,4,3,1,0,121,1,12,37,31
org.jfree.data.KeyedObjects2D,64,51,5,3,1,0,154,3,20,48,39
org.jfree.data.KeyedValue,,,0,0,0,3,3,0,1,2,1
org.jfree.data.KeyedValueComparator,0,50,4,3,1,0,81,2,3,22,19
org.jfree.data.KeyedValueComparatorType,0,0,0,0,1,0,29,1,3,16,7
org.jfree.data.KeyedValues,,,1,1,0,7,6,0,4,6,4
org.jfree.data.KeyedValues2D,,,1,1,0,14,9,0,7,10,7
org.jfree.data.KeyToGroupMap,4,38,9,5,1,0,158,3,10,47,37
org.jfree.data.Range,28,11,0,0,1,1,142,2,16,31,34
org.jfree.data.RangeInfo,,,1,1,0,5,5,0,3,3,3
org.jfree.data.RangeType,0,83,1,1,1,0,43,1,4,17,11
org.jfree.data.resources.DataPackageResources,,,0,0,3,0,9,0,1,34,1
org.jfree.data.resources.DataPackageResources_de,,,0,0,3,0,9,0,1,34,1
org.jfree.data.resources.DataPackageResources_es,,,0,0,3,0,9,0,1,34,1
org.jfree.data.resources.DataPackageResources_fr,,,0,0,3,0,9,0,1,34,1
org.jfree.data.resources.DataPackageResources_pl,,,0,0,3,0,9,0,1,34,1
org.jfree.data.resources.DataPackageResources_ru,,,0,0,3,0,9,0,1,34,1
org.jfree.data.statistics.BoxAndWhiskerCalculator,,,7,3,1,0,107,0,3,29,17
org.jfree.data.statistics.BoxAndWhiskerCategoryDataset,,,1,1,0,1,20,0,18,32,18
org.jfree.data.statistics.BoxAndWhiskerItem,17,88,3,1,1,0,99,9,10,23,22
org.jfree.data.statistics.BoxAndWhiskerXYDataset,,,1,1,0,1,13,0,11,17,11
org.jfree.data.statistics.DefaultBoxAndWhiskerCategoryDataset,0,75,6,4,2,0,286,4,35,117,63
org.jfree.data.statistics.DefaultBoxAndWhiskerXYDataset,132,89,5,4,4,0,175,8,24,99,41
org.jfree.data.statistics.DefaultStatisticalCategoryDataset,0,75,4,4,2,0,134,4,20,81,32
org.jfree.data.statistics.HistogramBin,0,60,0,0,1,0,49,3,7,19,12
org.jfree.data.statistics.HistogramDataset,136,50,8,4,5,0,182,2,20,96,43
org.jfree.data.statistics.HistogramType,0,83,1,1,1,0,47,1,4,17,12
org.jfree.data.statistics.MeanAndStandardDeviation,0,50,1,0,1,0,36,2,3,16,9
org.jfree.data.statistics.Regression,,,1,1,1,0,114,0,4,22,12
org.jfree.data.statistics.SimpleHistogramBin,5,60,0,0,1,0,114,5,9,24,32
org.jfree.data.statistics.SimpleHistogramDataset,192,63,9,4,5,0,141,3,24,98,38
org.jfree.data.statistics.StatisticalCategoryDataset,,,0,0,0,1,6,0,4,18,4
org.jfree.data.statistics.Statistics,,,5,3,1,0,198,0,11,35,41
org.jfree.data.time.DateRange,3,50,2,2,2,0,32,2,3,33,7
org.jfree.data.time.Day,0,69,7,6,2,0,144,1,14,66,29
org.jfree.data.time.DynamicTimeSeriesCollection,551,92,7,5,5,0,385,19,38,118,89
org.jfree.data.time.DynamicTimeSeriesCollection.ValueSequence,0,0,1,0,1,0,18,1,2,13,5
org.jfree.data.time.FixedMillisecond,0,0,2,2,2,0,92,1,13,49,23
org.jfree.data.time.Hour,0,57,4,4,2,0,157,2,14,71,35
org.jfree.data.time.Millisecond,0,50,4,4,2,0,116,2,12,55,26
org.jfree.data.time.Minute,0,52,5,5,2,0,163,2,11,72,33
org.jfree.data.time.Month,12,13,7,6,2,0,186,2,15,69,39
org.jfree.data.time.MovingAverage,,,9,7,1,0,180,0,6,43,37
org.jfree.data.time.Quarter,0,66,7,5,2,0,151,2,12,67,29
org.jfree.data.time.RegularTimePeriod,132,66,4,4,1,10,90,0,17,38,24
org.jfree.data.time.Second,0,50,6,5,2,0,133,2,11,64,29
org.jfree.data.time.SimpleTimePeriod,3,33,1,1,1,0,77,2,5,24,18
org.jfree.data.time.TimePeriod,,,1,1,0,12,4,0,2,3,2
org.jfree.data.time.TimePeriodAnchor,0,83,1,1,1,0,44,1,4,17,11
org.jfree.data.time.TimePeriodFormatException,,,0,0,5,0,5,0,0,22,1
org.jfree.data.time.TimePeriodValue,2,37,2,1,1,0,55,2,6,19,16
org.jfree.data.time.TimePeriodValues,235,81,7,4,2,0,242,9,25,72,54
org.jfree.data.time.TimePeriodValuesCollection,128,61,11,7,5,0,206,3,22,112,46
org.jfree.data.time.TimeSeries,492,79,9,5,2,0,394,6,38,97,88
org.jfree.data.time.TimeSeriesCollection,165,56,14,9,5,0,230,3,26,118,57
org.jfree.data.time.TimeSeriesDataItem,10,37,1,1,1,0,77,2,7,22,21
org.jfree.data.time.TimeSeriesTableModel,41,66,5,3,2,0,115,4,8,53,26
org.jfree.data.time.TimeTableXYDataset,255,72,10,8,5,0,185,4,28,115,49
org.jfree.data.time.Week,54,59,5,5,2,0,243,2,16,76,48
org.jfree.data.time.Year,0,0,6,4,2,0,105,1,11,54,22
org.jfree.data.UnknownKeyException,,,0,0,5,0,5,0,0,22,1
org.jfree.data.Value,,,0,0,0,6,3,0,1,1,1
org.jfree.data.Values,,,0,0,0,8,4,0,2,2,2
org.jfree.data.Values2D,,,0,0,0,15,5,0,3,3,3
org.jfree.data.xml.CategoryDatasetHandler,0,0,6,5,3,0,40,1,4,61,9
org.jfree.data.xml.CategorySeriesHandler,0,66,8,7,2,0,50,3,4,64,9
org.jfree.data.xml.DatasetReader,,,14,11,1,0,48,0,4,26,4
org.jfree.data.xml.DatasetTags,,,0,0,0,7,8,0,0,0,0
org.jfree.data.xml.ItemHandler,0,75,7,7,2,0,56,4,6,59,11
org.jfree.data.xml.KeyHandler,1,78,5,4,2,0,46,3,5,62,9
org.jfree.data.xml.PieDatasetHandler,0,0,6,5,3,0,37,1,4,60,9
org.jfree.data.xml.RootHandler,0,0,3,2,2,2,34,1,5,55,10
org.jfree.data.xml.ValueHandler,0,66,4,4,2,0,53,3,5,62,10
org.jfree.data.xy.AbstractIntervalXYDataset,,,0,0,4,12,35,0,4,55,8
org.jfree.data.xy.AbstractXYDataset,,,1,1,3,22,22,0,3,43,5
org.jfree.data.xy.AbstractXYZDataset,,,0,0,4,3,11,0,1,46,2
org.jfree.data.xy.CategoryTableXYDataset,74,50,5,3,5,0,108,2,24,106,31
org.jfree.data.xy.DefaultHighLowDataset,129,96,1,1,4,0,103,7,17,73,24
org.jfree.data.xy.DefaultOHLCDataset,57,50,3,2,4,0,101,2,18,81,28
org.jfree.data.xy.DefaultTableXYDataset,181,71,14,8,5,0,263,5,33,141,73
org.jfree.data.xy.DefaultWindDataset,20,60,6,3,4,0,85,2,8,67,18
org.jfree.data.xy.IntervalXYDataset,,,0,0,0,13,10,0,8,8,8
org.jfree.data.xy.IntervalXYDelegate,96,77,5,3,1,0,160,5,19,48,40
org.jfree.data.xy.IntervalXYZDataset,,,0,0,0,0,8,0,6,14,6
org.jfree.data.xy.MatrixSeries,25,0,0,0,2,1,63,1,10,38,17
org.jfree.data.xy.MatrixSeriesCollection,0,0,5,2,5,0,97,1,13,77,26
org.jfree.data.xy.NormalizedMatrixSeries,0,50,0,0,3,0,31,2,5,43,6
org.jfree.data.xy.OHLCDataItem,6,85,1,1,1,0,77,6,8,25,18
org.jfree.data.xy.OHLCDataset,,,0,0,0,4,12,0,10,10,10
org.jfree.data.xy.SignalsDataset,1,,0,0,0,1,8,0,2,8,2
org.jfree.data.xy.TableXYDataset,,,0,0,0,4,3,0,1,7,1
org.jfree.data.xy.WindDataItem,0,89,0,0,1,0,36,3,4,18,8
org.jfree.data.xy.WindDataset,,,0,0,0,1,4,0,2,8,2
org.jfree.data.xy.XisSymbolic,,,0,0,0,0,5,0,3,3,3
org.jfree.data.xy.XYBarDataset,0,43,1,1,5,0,50,2,10,67,13
org.jfree.data.xy.XYDataItem,11,40,1,0,1,0,75,2,8,24,19
org.jfree.data.xy.XYDataset,,,1,1,0,33,8,0,6,6,6
org.jfree.data.xy.XYDatasetTableModel,15,0,5,2,2,0,61,1,8,51,17
org.jfree.data.xy.XYSeries,316,58,7,3,2,0,263,4,30,78,68
org.jfree.data.xy.XYSeriesCollection,114,52,11,5,5,0,145,2,26,115,40
org.jfree.data.xy.XYZDataset,,,0,0,0,6,4,0,2,8,2
org.jfree.data.xy.YisSymbolic,,,0,0,0,0,5,0,3,3,3
